/*
Navicat MySQL Data Transfer

Source Server         : localhost
Source Server Version : 50635
Source Host           : localhost:3307
Source Database       : hyoa

Target Server Type    : MYSQL
Target Server Version : 50635
File Encoding         : 65001

Date: 2017-05-11 09:00:42
*/

SET FOREIGN_KEY_CHECKS=0;

-- ----------------------------
-- Table structure for act_evt_log
-- ----------------------------
DROP TABLE IF EXISTS `act_evt_log`;
CREATE TABLE `act_evt_log` (
  `LOG_NR_` bigint(20) NOT NULL AUTO_INCREMENT,
  `TYPE_` varchar(64) COLLATE utf8_bin DEFAULT NULL,
  `PROC_DEF_ID_` varchar(64) COLLATE utf8_bin DEFAULT NULL,
  `PROC_INST_ID_` varchar(64) COLLATE utf8_bin DEFAULT NULL,
  `EXECUTION_ID_` varchar(64) COLLATE utf8_bin DEFAULT NULL,
  `TASK_ID_` varchar(64) COLLATE utf8_bin DEFAULT NULL,
  `TIME_STAMP_` timestamp(3) NOT NULL DEFAULT CURRENT_TIMESTAMP(3) ON UPDATE CURRENT_TIMESTAMP(3),
  `USER_ID_` varchar(255) COLLATE utf8_bin DEFAULT NULL,
  `DATA_` longblob,
  `LOCK_OWNER_` varchar(255) COLLATE utf8_bin DEFAULT NULL,
  `LOCK_TIME_` timestamp(3) NULL DEFAULT NULL,
  `IS_PROCESSED_` tinyint(4) DEFAULT '0',
  PRIMARY KEY (`LOG_NR_`)
) ENGINE=InnoDB DEFAULT CHARSET=utf8 COLLATE=utf8_bin;

-- ----------------------------
-- Records of act_evt_log
-- ----------------------------

-- ----------------------------
-- Table structure for act_ge_bytearray
-- ----------------------------
DROP TABLE IF EXISTS `act_ge_bytearray`;
CREATE TABLE `act_ge_bytearray` (
  `ID_` varchar(64) COLLATE utf8_bin NOT NULL DEFAULT '',
  `REV_` int(11) DEFAULT NULL,
  `NAME_` varchar(255) COLLATE utf8_bin DEFAULT NULL,
  `DEPLOYMENT_ID_` varchar(64) COLLATE utf8_bin DEFAULT NULL,
  `BYTES_` longblob,
  `GENERATED_` tinyint(4) DEFAULT NULL,
  PRIMARY KEY (`ID_`),
  KEY `ACT_FK_BYTEARR_DEPL` (`DEPLOYMENT_ID_`),
  CONSTRAINT `ACT_FK_BYTEARR_DEPL` FOREIGN KEY (`DEPLOYMENT_ID_`) REFERENCES `act_re_deployment` (`ID_`)
) ENGINE=InnoDB DEFAULT CHARSET=utf8 COLLATE=utf8_bin;

-- ----------------------------
-- Records of act_ge_bytearray
-- ----------------------------
INSERT INTO `act_ge_bytearray` VALUES ('2', '1', 'LeaveProcess.bpmn', '1', 0x3C3F786D6C2076657273696F6E3D22312E302220656E636F64696E673D225554462D38223F3E0A3C646566696E6974696F6E7320786D6C6E733D22687474703A2F2F7777772E6F6D672E6F72672F737065632F42504D4E2F32303130303532342F4D4F44454C2220786D6C6E733A7873693D22687474703A2F2F7777772E77332E6F72672F323030312F584D4C536368656D612D696E7374616E63652220786D6C6E733A7873643D22687474703A2F2F7777772E77332E6F72672F323030312F584D4C536368656D612220786D6C6E733A61637469766974693D22687474703A2F2F61637469766974692E6F72672F62706D6E2220786D6C6E733A62706D6E64693D22687474703A2F2F7777772E6F6D672E6F72672F737065632F42504D4E2F32303130303532342F44492220786D6C6E733A6F6D6764633D22687474703A2F2F7777772E6F6D672E6F72672F737065632F44442F32303130303532342F44432220786D6C6E733A6F6D6764693D22687474703A2F2F7777772E6F6D672E6F72672F737065632F44442F32303130303532342F44492220747970654C616E67756167653D22687474703A2F2F7777772E77332E6F72672F323030312F584D4C536368656D61222065787072657373696F6E4C616E67756167653D22687474703A2F2F7777772E77332E6F72672F313939392F585061746822207461726765744E616D6573706163653D22687474703A2F2F7777772E69742E636F6D2F6C65617665223E0A20203C70726F636573732069643D224C6561766550726F6365737322206E616D653D22E8AFB7E58187E6B581E7A88B2220697345786563757461626C653D2274727565223E0A202020203C73746172744576656E742069643D2273746172746576656E743122206E616D653D225374617274223E3C2F73746172744576656E743E0A202020203C6578636C7573697665476174657761792069643D226578636C7573697665676174657761793122206E616D653D224578636C75736976652047617465776179223E3C2F6578636C7573697665476174657761793E0A202020203C757365725461736B2069643D22757365727461736B3122206E616D653D22E983A8E997A8E4B8BBE7AEA1E5AEA1E689B9222061637469766974693A63616E64696461746547726F7570733D2230303037223E3C2F757365725461736B3E0A202020203C757365725461736B2069643D22757365727461736B3222206E616D653D22E983A8E997A8E7BB8FE79086E5AEA1E689B9222061637469766974693A63616E64696461746547726F7570733D2230303038223E3C2F757365725461736B3E0A202020203C757365725461736B2069643D22757365727461736B3322206E616D653D22E680BBE7BB8FE79086E5AEA1E689B9222061637469766974693A63616E64696461746547726F7570733D2230303039223E3C2F757365725461736B3E0A202020203C73657175656E6365466C6F772069643D22666C6F77312220736F757263655265663D2273746172746576656E743122207461726765745265663D226578636C75736976656761746577617931223E3C2F73657175656E6365466C6F773E0A202020203C73657175656E6365466C6F772069643D22666C6F77322220736F757263655265663D226578636C7573697665676174657761793122207461726765745265663D22757365727461736B31223E0A2020202020203C636F6E646974696F6E45787072657373696F6E207873693A747970653D2274466F726D616C45787072657373696F6E223E3C215B43444154415B247B6A6F62436F6465203C20377D5D5D3E3C2F636F6E646974696F6E45787072657373696F6E3E0A202020203C2F73657175656E6365466C6F773E0A202020203C73657175656E6365466C6F772069643D22666C6F77332220736F757263655265663D226578636C7573697665676174657761793122207461726765745265663D22757365727461736B32223E0A2020202020203C636F6E646974696F6E45787072657373696F6E207873693A747970653D2274466F726D616C45787072657373696F6E223E3C215B43444154415B247B6A6F62436F6465203D3D20377D5D5D3E3C2F636F6E646974696F6E45787072657373696F6E3E0A202020203C2F73657175656E6365466C6F773E0A202020203C73657175656E6365466C6F772069643D22666C6F77342220736F757263655265663D226578636C7573697665676174657761793122207461726765745265663D22757365727461736B33223E0A2020202020203C636F6E646974696F6E45787072657373696F6E207873693A747970653D2274466F726D616C45787072657373696F6E223E3C215B43444154415B247B6A6F62436F6465203D3D20387D5D5D3E3C2F636F6E646974696F6E45787072657373696F6E3E0A202020203C2F73657175656E6365466C6F773E0A202020203C6578636C7573697665476174657761792069643D226578636C7573697665676174657761793222206E616D653D224578636C75736976652047617465776179223E3C2F6578636C7573697665476174657761793E0A202020203C656E644576656E742069643D22656E646576656E743122206E616D653D22456E64223E3C2F656E644576656E743E0A202020203C73657175656E6365466C6F772069643D22666C6F77352220736F757263655265663D226578636C7573697665676174657761793222207461726765745265663D22656E646576656E7431223E0A2020202020203C636F6E646974696F6E45787072657373696F6E207873693A747970653D2274466F726D616C45787072657373696F6E223E3C215B43444154415B247B737461747573203D3D20307D5D5D3E3C2F636F6E646974696F6E45787072657373696F6E3E0A202020203C2F73657175656E6365466C6F773E0A202020203C73657175656E6365466C6F772069643D22666C6F77362220736F757263655265663D22757365727461736B3122207461726765745265663D226578636C75736976656761746577617932223E3C2F73657175656E6365466C6F773E0A202020203C73657175656E6365466C6F772069643D22666C6F77372220736F757263655265663D226578636C7573697665676174657761793222207461726765745265663D22757365727461736B32223E0A2020202020203C636F6E646974696F6E45787072657373696F6E207873693A747970653D2274466F726D616C45787072657373696F6E223E3C215B43444154415B247B737461747573203D3D20317D5D5D3E3C2F636F6E646974696F6E45787072657373696F6E3E0A202020203C2F73657175656E6365466C6F773E0A202020203C6578636C7573697665476174657761792069643D226578636C7573697665676174657761793322206E616D653D224578636C75736976652047617465776179223E3C2F6578636C7573697665476174657761793E0A202020203C656E644576656E742069643D22656E646576656E743222206E616D653D22456E64223E3C2F656E644576656E743E0A202020203C73657175656E6365466C6F772069643D22666C6F77382220736F757263655265663D22757365727461736B3222207461726765745265663D226578636C75736976656761746577617933223E3C2F73657175656E6365466C6F773E0A202020203C73657175656E6365466C6F772069643D22666C6F77392220736F757263655265663D226578636C7573697665676174657761793322207461726765745265663D22757365727461736B33223E0A2020202020203C636F6E646974696F6E45787072657373696F6E207873693A747970653D2274466F726D616C45787072657373696F6E223E3C215B43444154415B247B737461747573203D3D20317D5D5D3E3C2F636F6E646974696F6E45787072657373696F6E3E0A202020203C2F73657175656E6365466C6F773E0A202020203C73657175656E6365466C6F772069643D22666C6F7731302220736F757263655265663D226578636C7573697665676174657761793322207461726765745265663D22656E646576656E7432223E0A2020202020203C636F6E646974696F6E45787072657373696F6E207873693A747970653D2274466F726D616C45787072657373696F6E223E3C215B43444154415B247B737461747573203D3D20307D5D5D3E3C2F636F6E646974696F6E45787072657373696F6E3E0A202020203C2F73657175656E6365466C6F773E0A202020203C6578636C7573697665476174657761792069643D226578636C7573697665676174657761793422206E616D653D224578636C75736976652047617465776179223E3C2F6578636C7573697665476174657761793E0A202020203C656E644576656E742069643D22656E646576656E743322206E616D653D22456E64223E3C2F656E644576656E743E0A202020203C656E644576656E742069643D22656E646576656E743422206E616D653D22456E64223E3C2F656E644576656E743E0A202020203C73657175656E6365466C6F772069643D22666C6F7731312220736F757263655265663D22757365727461736B3322207461726765745265663D226578636C75736976656761746577617934223E3C2F73657175656E6365466C6F773E0A202020203C73657175656E6365466C6F772069643D22666C6F7731322220736F757263655265663D226578636C7573697665676174657761793422207461726765745265663D22656E646576656E7433223E0A2020202020203C636F6E646974696F6E45787072657373696F6E207873693A747970653D2274466F726D616C45787072657373696F6E223E3C215B43444154415B247B737461747573203D3D20307D5D5D3E3C2F636F6E646974696F6E45787072657373696F6E3E0A202020203C2F73657175656E6365466C6F773E0A202020203C73657175656E6365466C6F772069643D22666C6F7731332220736F757263655265663D226578636C7573697665676174657761793422207461726765745265663D22656E646576656E7434223E0A2020202020203C636F6E646974696F6E45787072657373696F6E207873693A747970653D2274466F726D616C45787072657373696F6E223E3C215B43444154415B247B737461747573203D3D20317D5D5D3E3C2F636F6E646974696F6E45787072657373696F6E3E0A202020203C2F73657175656E6365466C6F773E0A20203C2F70726F636573733E0A20203C62706D6E64693A42504D4E4469616772616D2069643D2242504D4E4469616772616D5F4C6561766550726F63657373223E0A202020203C62706D6E64693A42504D4E506C616E652062706D6E456C656D656E743D224C6561766550726F63657373222069643D2242504D4E506C616E655F4C6561766550726F63657373223E0A2020202020203C62706D6E64693A42504D4E53686170652062706D6E456C656D656E743D2273746172746576656E7431222069643D2242504D4E53686170655F73746172746576656E7431223E0A20202020202020203C6F6D6764633A426F756E6473206865696768743D2233352E30222077696474683D2233352E302220783D223633332E302220793D2232302E30223E3C2F6F6D6764633A426F756E64733E0A2020202020203C2F62706D6E64693A42504D4E53686170653E0A2020202020203C62706D6E64693A42504D4E53686170652062706D6E456C656D656E743D226578636C75736976656761746577617931222069643D2242504D4E53686170655F6578636C75736976656761746577617931223E0A20202020202020203C6F6D6764633A426F756E6473206865696768743D2234302E30222077696474683D2234302E302220783D223633302E302220793D2239302E30223E3C2F6F6D6764633A426F756E64733E0A2020202020203C2F62706D6E64693A42504D4E53686170653E0A2020202020203C62706D6E64693A42504D4E53686170652062706D6E456C656D656E743D22757365727461736B31222069643D2242504D4E53686170655F757365727461736B31223E0A20202020202020203C6F6D6764633A426F756E6473206865696768743D2235352E30222077696474683D223130352E302220783D223436302E302220793D2238332E30223E3C2F6F6D6764633A426F756E64733E0A2020202020203C2F62706D6E64693A42504D4E53686170653E0A2020202020203C62706D6E64693A42504D4E53686170652062706D6E456C656D656E743D22757365727461736B32222069643D2242504D4E53686170655F757365727461736B32223E0A20202020202020203C6F6D6764633A426F756E6473206865696768743D2235352E30222077696474683D223130352E302220783D223436302E302220793D223230302E30223E3C2F6F6D6764633A426F756E64733E0A2020202020203C2F62706D6E64693A42504D4E53686170653E0A2020202020203C62706D6E64693A42504D4E53686170652062706D6E456C656D656E743D22757365727461736B33222069643D2242504D4E53686170655F757365727461736B33223E0A20202020202020203C6F6D6764633A426F756E6473206865696768743D2235352E30222077696474683D223130352E302220783D223436302E302220793D223332302E30223E3C2F6F6D6764633A426F756E64733E0A2020202020203C2F62706D6E64693A42504D4E53686170653E0A2020202020203C62706D6E64693A42504D4E53686170652062706D6E456C656D656E743D226578636C75736976656761746577617932222069643D2242504D4E53686170655F6578636C75736976656761746577617932223E0A20202020202020203C6F6D6764633A426F756E6473206865696768743D2234302E30222077696474683D2234302E302220783D223334302E302220793D2239302E30223E3C2F6F6D6764633A426F756E64733E0A2020202020203C2F62706D6E64693A42504D4E53686170653E0A2020202020203C62706D6E64693A42504D4E53686170652062706D6E456C656D656E743D22656E646576656E7431222069643D2242504D4E53686170655F656E646576656E7431223E0A20202020202020203C6F6D6764633A426F756E6473206865696768743D2233352E30222077696474683D2233352E302220783D223235302E302220793D2239332E30223E3C2F6F6D6764633A426F756E64733E0A2020202020203C2F62706D6E64693A42504D4E53686170653E0A2020202020203C62706D6E64693A42504D4E53686170652062706D6E456C656D656E743D226578636C75736976656761746577617933222069643D2242504D4E53686170655F6578636C75736976656761746577617933223E0A20202020202020203C6F6D6764633A426F756E6473206865696768743D2234302E30222077696474683D2234302E302220783D223239382E302220793D223230372E30223E3C2F6F6D6764633A426F756E64733E0A2020202020203C2F62706D6E64693A42504D4E53686170653E0A2020202020203C62706D6E64693A42504D4E53686170652062706D6E456C656D656E743D22656E646576656E7432222069643D2242504D4E53686170655F656E646576656E7432223E0A20202020202020203C6F6D6764633A426F756E6473206865696768743D2233352E30222077696474683D2233352E302220783D223139302E302220793D223231302E30223E3C2F6F6D6764633A426F756E64733E0A2020202020203C2F62706D6E64693A42504D4E53686170653E0A2020202020203C62706D6E64693A42504D4E53686170652062706D6E456C656D656E743D226578636C75736976656761746577617934222069643D2242504D4E53686170655F6578636C75736976656761746577617934223E0A20202020202020203C6F6D6764633A426F756E6473206865696768743D2234302E30222077696474683D2234302E302220783D223232342E302220793D223332372E30223E3C2F6F6D6764633A426F756E64733E0A2020202020203C2F62706D6E64693A42504D4E53686170653E0A2020202020203C62706D6E64693A42504D4E53686170652062706D6E456C656D656E743D22656E646576656E7433222069643D2242504D4E53686170655F656E646576656E7433223E0A20202020202020203C6F6D6764633A426F756E6473206865696768743D2233352E30222077696474683D2233352E302220783D223131302E302220793D223333302E30223E3C2F6F6D6764633A426F756E64733E0A2020202020203C2F62706D6E64693A42504D4E53686170653E0A2020202020203C62706D6E64693A42504D4E53686170652062706D6E456C656D656E743D22656E646576656E7434222069643D2242504D4E53686170655F656E646576656E7434223E0A20202020202020203C6F6D6764633A426F756E6473206865696768743D2233352E30222077696474683D2233352E302220783D223438302E302220793D223436302E30223E3C2F6F6D6764633A426F756E64733E0A2020202020203C2F62706D6E64693A42504D4E53686170653E0A2020202020203C62706D6E64693A42504D4E456467652062706D6E456C656D656E743D22666C6F7731222069643D2242504D4E456467655F666C6F7731223E0A20202020202020203C6F6D6764693A776179706F696E7420783D223635302E302220793D2235352E30223E3C2F6F6D6764693A776179706F696E743E0A20202020202020203C6F6D6764693A776179706F696E7420783D223635302E302220793D2239302E30223E3C2F6F6D6764693A776179706F696E743E0A2020202020203C2F62706D6E64693A42504D4E456467653E0A2020202020203C62706D6E64693A42504D4E456467652062706D6E456C656D656E743D22666C6F7732222069643D2242504D4E456467655F666C6F7732223E0A20202020202020203C6F6D6764693A776179706F696E7420783D223633302E302220793D223131302E30223E3C2F6F6D6764693A776179706F696E743E0A20202020202020203C6F6D6764693A776179706F696E7420783D223536352E302220793D223131302E30223E3C2F6F6D6764693A776179706F696E743E0A2020202020203C2F62706D6E64693A42504D4E456467653E0A2020202020203C62706D6E64693A42504D4E456467652062706D6E456C656D656E743D22666C6F7733222069643D2242504D4E456467655F666C6F7733223E0A20202020202020203C6F6D6764693A776179706F696E7420783D223635302E302220793D223133302E30223E3C2F6F6D6764693A776179706F696E743E0A20202020202020203C6F6D6764693A776179706F696E7420783D223634392E302220793D223232372E30223E3C2F6F6D6764693A776179706F696E743E0A20202020202020203C6F6D6764693A776179706F696E7420783D223536352E302220793D223232372E30223E3C2F6F6D6764693A776179706F696E743E0A2020202020203C2F62706D6E64693A42504D4E456467653E0A2020202020203C62706D6E64693A42504D4E456467652062706D6E456C656D656E743D22666C6F7734222069643D2242504D4E456467655F666C6F7734223E0A20202020202020203C6F6D6764693A776179706F696E7420783D223635302E302220793D223133302E30223E3C2F6F6D6764693A776179706F696E743E0A20202020202020203C6F6D6764693A776179706F696E7420783D223634392E302220793D223334372E30223E3C2F6F6D6764693A776179706F696E743E0A20202020202020203C6F6D6764693A776179706F696E7420783D223536352E302220793D223334372E30223E3C2F6F6D6764693A776179706F696E743E0A2020202020203C2F62706D6E64693A42504D4E456467653E0A2020202020203C62706D6E64693A42504D4E456467652062706D6E456C656D656E743D22666C6F7735222069643D2242504D4E456467655F666C6F7735223E0A20202020202020203C6F6D6764693A776179706F696E7420783D223334302E302220793D223131302E30223E3C2F6F6D6764693A776179706F696E743E0A20202020202020203C6F6D6764693A776179706F696E7420783D223238352E302220793D223131302E30223E3C2F6F6D6764693A776179706F696E743E0A2020202020203C2F62706D6E64693A42504D4E456467653E0A2020202020203C62706D6E64693A42504D4E456467652062706D6E456C656D656E743D22666C6F7736222069643D2242504D4E456467655F666C6F7736223E0A20202020202020203C6F6D6764693A776179706F696E7420783D223436302E302220793D223131302E30223E3C2F6F6D6764693A776179706F696E743E0A20202020202020203C6F6D6764693A776179706F696E7420783D223338302E302220793D223131302E30223E3C2F6F6D6764693A776179706F696E743E0A2020202020203C2F62706D6E64693A42504D4E456467653E0A2020202020203C62706D6E64693A42504D4E456467652062706D6E456C656D656E743D22666C6F7737222069643D2242504D4E456467655F666C6F7737223E0A20202020202020203C6F6D6764693A776179706F696E7420783D223336302E302220793D223133302E30223E3C2F6F6D6764693A776179706F696E743E0A20202020202020203C6F6D6764693A776179706F696E7420783D223336302E302220793D223232372E30223E3C2F6F6D6764693A776179706F696E743E0A20202020202020203C6F6D6764693A776179706F696E7420783D223436302E302220793D223232372E30223E3C2F6F6D6764693A776179706F696E743E0A2020202020203C2F62706D6E64693A42504D4E456467653E0A2020202020203C62706D6E64693A42504D4E456467652062706D6E456C656D656E743D22666C6F7738222069643D2242504D4E456467655F666C6F7738223E0A20202020202020203C6F6D6764693A776179706F696E7420783D223436302E302220793D223232372E30223E3C2F6F6D6764693A776179706F696E743E0A20202020202020203C6F6D6764693A776179706F696E7420783D223333382E302220793D223232372E30223E3C2F6F6D6764693A776179706F696E743E0A2020202020203C2F62706D6E64693A42504D4E456467653E0A2020202020203C62706D6E64693A42504D4E456467652062706D6E456C656D656E743D22666C6F7739222069643D2242504D4E456467655F666C6F7739223E0A20202020202020203C6F6D6764693A776179706F696E7420783D223331382E302220793D223234372E30223E3C2F6F6D6764693A776179706F696E743E0A20202020202020203C6F6D6764693A776179706F696E7420783D223331382E302220793D223334372E30223E3C2F6F6D6764693A776179706F696E743E0A20202020202020203C6F6D6764693A776179706F696E7420783D223436302E302220793D223334372E30223E3C2F6F6D6764693A776179706F696E743E0A2020202020203C2F62706D6E64693A42504D4E456467653E0A2020202020203C62706D6E64693A42504D4E456467652062706D6E456C656D656E743D22666C6F773130222069643D2242504D4E456467655F666C6F773130223E0A20202020202020203C6F6D6764693A776179706F696E7420783D223239382E302220793D223232372E30223E3C2F6F6D6764693A776179706F696E743E0A20202020202020203C6F6D6764693A776179706F696E7420783D223232352E302220793D223232372E30223E3C2F6F6D6764693A776179706F696E743E0A2020202020203C2F62706D6E64693A42504D4E456467653E0A2020202020203C62706D6E64693A42504D4E456467652062706D6E456C656D656E743D22666C6F773131222069643D2242504D4E456467655F666C6F773131223E0A20202020202020203C6F6D6764693A776179706F696E7420783D223436302E302220793D223334372E30223E3C2F6F6D6764693A776179706F696E743E0A20202020202020203C6F6D6764693A776179706F696E7420783D223236342E302220793D223334372E30223E3C2F6F6D6764693A776179706F696E743E0A2020202020203C2F62706D6E64693A42504D4E456467653E0A2020202020203C62706D6E64693A42504D4E456467652062706D6E456C656D656E743D22666C6F773132222069643D2242504D4E456467655F666C6F773132223E0A20202020202020203C6F6D6764693A776179706F696E7420783D223232342E302220793D223334372E30223E3C2F6F6D6764693A776179706F696E743E0A20202020202020203C6F6D6764693A776179706F696E7420783D223134352E302220793D223334372E30223E3C2F6F6D6764693A776179706F696E743E0A2020202020203C2F62706D6E64693A42504D4E456467653E0A2020202020203C62706D6E64693A42504D4E456467652062706D6E456C656D656E743D22666C6F773133222069643D2242504D4E456467655F666C6F773133223E0A20202020202020203C6F6D6764693A776179706F696E7420783D223234342E302220793D223336372E30223E3C2F6F6D6764693A776179706F696E743E0A20202020202020203C6F6D6764693A776179706F696E7420783D223234342E302220793D223437372E30223E3C2F6F6D6764693A776179706F696E743E0A20202020202020203C6F6D6764693A776179706F696E7420783D223438302E302220793D223437372E30223E3C2F6F6D6764693A776179706F696E743E0A2020202020203C2F62706D6E64693A42504D4E456467653E0A202020203C2F62706D6E64693A42504D4E506C616E653E0A20203C2F62706D6E64693A42504D4E4469616772616D3E0A3C2F646566696E6974696F6E733E, '0');
INSERT INTO `act_ge_bytearray` VALUES ('3', '1', 'LeaveProcess.LeaveProcess.png', '1', 0x89504E470D0A1A0A0000000D49484452000002A8000001F908060000004D82CC9300003C7D4944415478DAEDDD0F9C55D58127783AA39B6463D664C7AC715B93F8998CEB64DCDD6CC6DEE8D8BAB5F9B823BDD231FE292EAF0AB062ABB169ED766D89DA1D161BC290A81D7589A1DB18B51DA3711811C308890522D0344CA389415094C67F58A2109A08212892DC3DE775DD9A5BAFEA55D5AB7AF5EA56D5F7FBF99CCF7BBC77ABDEE3DCF7CEFDD5B9E79C3B6102000000000000000000000000000000000000000000000000000000000000000000000000000000000000000000000000000000000000C03872E38D377EE48E3BEEF8FADCB9739F9A356BD6EE1933661C6A6D6D4DA74C99522E975F7EF9E1AF7EF5AB7BE7CC99F3CC77BEF39DBFFEDAD7BEF62FD41A000075376FDEBC7366CF9EFDD3A953A7FE2604D374C99225E9A64D9BD25DBB76A5870F1F4E337BF6EC49B76EDD9AFEE8473F4A6FB9E596346E1F02EB8EF033973735351DA12601001892ABAFBEFA5337DC70C333975E7AE96F162D5A540EA0B53874E850BA6EDDBAF46B5FFBDA6F66CC98F1E665975DF645B50A00C0A0CC9A35EBCA3FF8833F78EF6FFEE66FD203070EA443B571E3C63404D443575C71C592E6E6E6A3D43000000376FDF5D7FFF51FFDD11F1D7EFAE9A7D37ADAB76F5F7AC71D771C6A6B6B7B2384D48FAB69000006144EAFBCF2CA5FC7F1A5C3E581071EF8F5D4A953DF0E21F5D36A1C0080AAE269FDD8733A9CE134F3E8A38FBE13426A879E5400007A152744C531A7CF3CF34CDA28DFFFFEF7DF686969F9A119FE0000F470FDF5D73F1B274435DA9FFCC99FBC9124C995F60000005DE23AA77129A97ACCD6AF554747C7E19696967F2C954AC7D813000094C545F8172F5E9C8E946F7CE31B5B42409D6F4F000050BE7C69BCE253AD8BF0D7B917755708A83F3716150080090B172E9C1F2F5F3AD2FEF00FFFF08510527FD71E010018E7E6CE9DFBD4D2A54B473CA0DE76DB6DEB9CE6070020AE7DBA7BD3A64D231E50376CD8F0CC94295356D9230000E3DC8C19330E356261FEFEBCF9E69B3B4340DD698F00008C73ADADADE9E1C387D322080135B5470000C6B9180A8B42400500400F2A0000C5529431A8BB77EF7EC31854000026FCF99FFFF9CFB76CD9529459FC6BED110080712EAE83BA6CD9B242AC831A02EACDF60800C03877C71D77DC326FDEBC110FA8575E79E5E610509BEC110080716EE6CC991FBFF8E28B7F73E0C081915C037557A954FA655B5BDB07EC110000265C77DD75FFF0E4934F8E5840FDF6B7BFFD549224DFB527000028BBFEFAEB4BD75E7BEDAF4762B9A903070EBCD7D2D2F28FADADADC7DB13000074993163C69B6BD7AE6D78409D3B77EEA62953A62CB0070000E8E6F2CB2FFF77975D76D9A1BD7BF7362C9CFEE4273FD9562A95FEA1B9B9F9287B0000801EAEB8E28AFF74DB6DB7BDD78853FD6FBCF1C681786A7FF2E4C967AB7900007AD5D4D474C497BFFCE597EFBBEFBE43C3194E77EDDA75B8ADADED8D52A974B55A0700A04F21341E336DDAB43D8B172F7E77B87A4E3BC3E97CB50D00C080C419F553A74EEDB8FBEEBBDFACF798D3785A5FCF290000358B3DA9214CFE30CEEE7FF5D557DF19EA525271B67E9C1065CC290000439224C99521A8BEF5F5AF7FFDD9EDDBB7BF59EB15A2EEB8E38E8DB1D774CA94290BCDD60700A02E62B00C01F3C650765C7EF9E52FDC74D34DEB57AD5AF593D75E7BEDD57C20DDB367CF5B1B366C78E6B6DB6E5B77E595576E8E972F8D5788B2083F0000C32604CED33AC3EAF2505E0EE5BD50D2CEB23394F5A1DC1C4A535B5BDB07D41800000D17C3A95A000040400500000115000001150000045400000454000010500100105001004040050040400500000115000001554005004040050000011500000115000004540000045400001050010010500100404005004040050000011500000454000004540000E80AA34B6320EDA76C54530000342AA09E1ACA7B7D05D4244926A92900001A195297F71150D73735351DA19600A020D2343DE2A5975E5AB461C3865FAF5CB9326D6F6F570A5056AC5891AE59B3E6E7A14CF529AD4B403DB55A402D954A5F5243005020319CAE5DBB36DDB56B57FAEEBBEF2A052ABB77EF4E57AF5EFD7608AB17F9A4D625A4F6361675A3DE53002898D8732A9C163AA4BEDBDEDEFEBC4F6A5D026A8FB1A8C69E024001C5D3FA8260B14B08A8EFF9A4D64708A48FE83D0580828BE31D85C0C207546B76D62FA09E961B7B3A518D00C0280EA8BFFCC5CEF4A58DF7A45B56CC2997783F3E26400AA8A34D361655EF2900791F5105A32BA0EEDFDB916EFEF1ACF4678FCDEC56E263F1392152401D6501F5D40B2EB8409D02D0259E524B3B6F19250175C7961FF608A759797DCB52215240D50E01306A9D1DCADE506EEDBC357B769404D4E7577DB36A408DCF099102AA760860104AA5D23149924C096E0E6555283B2AD6C2DB19AF2612B6F96ED8F6D270FF536A6D580E0A93723D18BB1D1C464740DDDC7E63D5801A9F13220554ED10400D264F9E7C76E7B22207FBBA0E732F25AE95B73E943603E9EB7E50E8EF7104544540D50E01634FE782CC1B6B0CA5D5CAF3B15755AD0ECAC47E1AFFEC7963C10A1C50E3ACFD6A01353E27440AA8DA21807E843039BFF26A21ADADADE9FCF9F3D3458B16A55BB66C4977EEDC991E3C78308D0E1D3A54BECCE38B2FBE982E5EBCB8BCDDB469D37A0BAACBC3EF395E0DD77C50E8AFD1D78351F080BA6DDDB7AB06D4F89C1029A06A8700AA686E6E3EAA737C6957A86C6B6B4BEFBFFFFE7200ADC5810307D2254B96A4575F7D755A7159BCBDE1B6496DF7EBEC1A7B246ADD9E0606D43D1D9BD2CD8FCFEE797A3F3C169F13220554ED1040F570BA361F2667CD9A55EE291D8AC3870FA7CB962D2BF7C0E67EF7FE502E52EB75EF89883FB7DFC1A178013596979FBAAF47408D8F099002AA7608A08ACA9ED3782A3F86CB7AE9E8E84867CE9C990FA9079324712AA87E07857AFD3CC31150DF7927DDF6770B7B9EDE0F8FC5E7844801553B0450A173CC695778DCB061433A1CE298D5383E35DF931A5EFB647BA04B7F13111AFD7BA843408D578A7A71DD82AA6350E373AE2625A06A8700723A67EBBF97EF391D4E7142D5BC79F3BAAD9F1AD758B527EA3E0B560FC64807D477DE49776E7B227DF6477F56359C66256E13B7D59B2AA06A87008224497E9A1F735ACFD3FAD5ECDBB72FBDECB2CBF213A76E1DE7BBA17262C16F857271E76D2D2A7FCE8485110AA8FDF59AEA4D1550B5430055C445F8F3B3F5873A21AA164F3FFD74E5A4A94F8DF383C2A45CE3FEBD09FF749DEBEFD57070A8F6730E0E23105007D26BDA576FAA5029A06A8780712B84C2A559488C4B4935DA2DB7DC920FA9373B28945DDCD9B8A7351C1CF20785AC4CCF3D6F2C588303EA60C36956844A01553B048C4B71DC6776F9D2B80454ADEB9CD6C3F6EDDBBBAD8FDAD6D6F69171B40BAA35D6BD35F27D1D1C7ADBFEAE5EB63716AC8101551150B543DA21601042209C9285C338B37EA4E417F20FA1F94B7DF4F69E1ADEF32363ECA030B186C6BEB783C3400F0A9507879A4EB38DB1BA175005549FF151D80E01E3443CA5DEA899FB7D79E8A187FA9C2CD5B9CAC0D26CA5813150F5036D9CFB3B38D47A50C8BFFEEE81F4608CC1BA175005549FF151D60E01E32FA0762DCCBF75EBD6110BA871CDD55C0F6A7BB5034756C6C84161A08D72B583C3FB067950A8EC3999349083F618A97B015540F5191F45ED10307E03EA8EAC516EE4ECFD4AAFBDF65AB735519324392D9E6AAB3C708C8103C860C75EF576707861080785AAEF670CD7BD802AA0A63EE3A3A31D0204D4AE46395EE169A4C485FB2B0E12BD1E3846F90164A83D05BD1D1C867250E87670F8C4273E71556FBD4902AA803A9602AACF78B1DBA109C6A402950175A4F575C0182B2554F9502F46F0BE5E7A2C5EE87C7C28E2FB4A2FB8E08271B11F86AB0881A322A08EFB52F47628948F383A83805AC81ED4CE8B07AC1FA33DA883ED21E8ABE7A29645B4FBECB918A3753FEA7A50E37EBDE9A69BBA85AB969696F4D1471F4D3FFCE10FA79B376FEE7AEE8D37DE286F1F1FDBB66D5B7AEEB9E7964BDCF684134E48EFBCF3CE5E5F236E1F7F6EDDBA757DBE97BBEEBA2B7DECB1C77ABCBF471E796440FF8FB8D6717FDB5C7BEDB5E5FB71C2646C8BB2C7E3DACCF53EC53FCE3FE3A3A21D0204D4428E41CDDE5FA9549A18FEBD768C8D41DD3F6178C67E0DE6E05075ECD718ACFB51115057AF5E5D0E9673E7CE2DEFD718D89A9A9ACA2506D1CAE0162737AE5AB52AFDFCE73F9F5E78E185E9810307BA025E2C1FFAD087D273CE39A7CFF0197FDFEBAFBFDE67803CE9A493CAEFEBB77FFBB7D3BFFFFBBF2F3F165F2F3E16EFC7D7CDBFFFE9D3A7976F8F3BEEB8F4CC33CF2CDF8FE5E1871F4E4F3CF1C41EBF3FBE8FECFE7DF7DDD7753FFEFF876B92D438FE8C8F9A760818BF01B5D0B3F8339D3D1E6BC7D82CFE81F614545BC2A5B7D9B3B51C1C0634166D8CD57DE103EAFEFDFBBBF5682E5FBEBC2BACC5DED1F85CF658BEF7F4F1C71FEFF5F75506D4A79E7AAA1C2CB370197B414F3FFDF4F48A2BAEE80A9BF17EB67D0C8BB1A7F5EEBBEF2EBF7E0CC35968CC87C97CD8CC87CAF8EF18B6B37F1F79E491E90D37DC50BEFFF2CB2F77BDE659679D55FE5DF17E6C8BB29FDDB46953F9F6F6DB6F1FB665A6C6E9677C54B543C0F80BA80B8AB00E6A7CED5C0FC6826AEFB7B3C763FD183A38F4D728F7B7BE60AD577AC99C3AA1C6F507C750DD173AA066C12CF640C60017EFBFFAEAAB5D0135DEEED8B1A36BDB37DF7CB3FC58B5D7AF0CA8F9DED5583EFDE94FA7BFF33BBF53F5BDC41ECF1822632F680CA9315C7EEC631F2B3F76F2C927A70F3CF040B71ED818B057AE5CD9D5631A9FBBE4924BCAF7CF3FFFFCF2FFABB7FF6FBE07F5D8638F2D07EE783FF6B6C65ED9462CD43F0E3FE3A3AE1D02C689D0204F2DC295A466CE9C990FA8178D93EAEFAFE760A08B5FD77A70C84EEF7DC937A0580135F686C62077CA29A7A40B162C2887CB18103FF9C94F96C3607C3E86BF1858B39FD9B3674F4D3DA895A5AF809A85DFD8837AEFBDF7769DBACF4EDFC7F7F5DC73CF7585E77CE08C7F7466F7E3B6596FF0D1471FDD6B408D3DA8B17737DE5FBF7E7DD7E3B11E5CEA543B048C33ADADADC78740783006C3703FDDB76FDF488F3F3D1842F3317A306ABE32CB400F0ED9EB392814B4073506CE184663A88CC12E9E12AF3C8D1FEF67A7F9071350E37BBDF4D24BCBBF23F656C6125F2B4EA69A901B4F1ACBDB6FBFDDF59A31C866E13406E7F8D8F6EDDB7B0D9C679C71468F1ED4381EF5BCF3CEEBDA2E9EBE8F93A3E236D944AECA703B9C6350D10E0105961F87BA78F1E28607D4850B17E603EA3DE3B407A3F234D7C5136A5F5FB0B783C3F41A7A4A2840408D81B0328C66E330B38951F9FB8309A87BF7EEED0AA1FD9DE2EFAD57341B2A10274B55DB76200135F6D0C6809BEF65AD0CA8D9FFBDAF495C02AA76081883F2A7F967CC98D1D0E5A63A3A3ACA3DB7D9EBB7B4B47C761C1F1CF21316F28D7C2D8B5F57FB394BB88C92801AC7705606BC6C2C6A3C057EDD75D795EFC753EBC37D8ABF3274663DA8592F6AECDD7DE699677A6C9B9FC4950F9F71F253F6BEFB1A831A436976BA3FFEDF6360AD1C3B2BA06A878031AEA9A9E988100E9FCD42E292254B1A1650E7CC99D3154EE3A507C7F9AEA83CCDF65B9D3D0FB52ED952F973435DF7900606D4D8BB190FEC71AC697EF6FE84CE5ED318482BC7ADE6B7CF4A1CA7DA19C8CA7F78C6C7E2E4AA185663C942E631C71C53EED9CC2635C58950F1672A2726F51650270C600DD57C40ED2D8C67813C8E71CDB68F2506D2783B7BF6ECF26D36F35F40D50E01E348BE1735F668BEF2CA2BC31E4E972D5BD6EDD2A621A09E624FD47D3DC0DE4EDB51E080DA57D0AB5C2C3FEB959C50652C68D60B194367B559FCB5BCFED2A54B7B3C3694809AAD1230A1626254767F38AE24E593AA1D024699CE6B549703E335D75C531EA3365CE2412D7F6A3F942BEC81BA1F1C2C7E3D8602AA22A06A878071A9B9B9F9E32128EECE42E3BC79F3CA97201D8E70DAD6D636DE27460DA4C76128A7C39C4E13501501553B048C0D49929C16CADE2C3CC631A271CC5B3D4FEB57F49C2E0FC1F82835DF67E35E6BCF83890802AA22A06A8780B1A5542A7D295B1B3596D8DB192F453AD4D9FA71B243C535AF85D38137F29386697B04540115ED10303A745E9B7A7F3E50C62B4DC50919B52EC21FD739ADE8352D9FD6174EEB7E7088970D74651601551150B543C0D8552A954E0E41724745B04CAFBAEAAAF4C1071F4CD7AE5D5B9EED9F8D538DB73190C6DED6B86E615CAFB1F267E36C7D13A206656267A33FB18FE7773B2808A88A80AA1D02C6BCD8CB1982EAFCCADED4C194B8CEA9A5A486A507C3E93401551150B543C0F8D3DADA7A7C089973F313A80658E258D67BC6F115A286FBE0E0A020A02A02AA760818DFDADADA3ED0393EF5E638C9A99721003B4BA5527BB85D10C2EC9470FF18B5366C07875B1D1404544540D50E01501413E31F04132CE122A02A02AA760880A2E83C3020A02A02EA88686E6EFE67DA21000454015511500BE3AAABAE7ABF7608000155405504D4C298366DDA87B4430008A802AA22A016C6EFFDDEEFFD77DA210004D4025BB972A51058EC723004D4F77C52EBE7FCF3CFFFE7DA210004D4025BB366CDCE5DBB760982052D1D1D1D3F0801F5799FD4FA29954AC76A870010500BEC89279E38EFC9279FFCC55B6FBDF52B81B0583DA7319CAE58B1E2D5502EF249AD9FA953A71E9724C96FD40400026A81850034A9BDBD7D633C951CC73B2A8528715F3C2F9C0E4B1B744228022A00022A500CCDCDCD270AA80008A84061B4B4B4FC4B0115000115288C2449FE95800A80800A1446A954FAD7A11DFAB59A004040050A214992FF5540054040050AA3A5A5E5DF08A80008A840612449F23BA11D3AAC2600105081A2B441FF5640054040050A63EAD4A9672649F29E9A004040058AD206358522A00220A002C5D0D2D272B61E54000454A030264F9E7C4E68870EA909000454A0286DD0B9022A00022A50A436E88BA1BCAB2600105081A2B441E70BA80008A84061B4B6B65E9424C93B6A02000115284A1B948472504D0020A00285D0DCDCDC522A950454000454A0185A5A5AA68776E8576A02000115288452A9F4E5D00E1D50130008A8405102EAA5499208A80008A840318470FA95D00EFD524D0020A0024509A833423BB45F4D0020A00285502A95AE0A659F9A004040058AD206FD3F022A00022A5018219CFE696887DE56130008A8405102EA57433BF40B350180800A1425A0DE10CA5E350180800A14A50DFA5A9224022A00022A500C2D2D2DB34340DDA32600105081A2B4417342F9B99A004040050A61F2E4C9F34AA592800A80800A14A60DFA4628BBD50400022A509436E8E65076A909000454A0109224F9CB52A9F4969A004040050A2184D3DB423BB4534D0020A002859024C9821052DF50130008A8402184707A4768873AD40400022A50084992FC5568875E57130008A840214C9E3CF9CE52A9B4434D0020A0028510C2E9DDA11D7A4D4D0020A002456983EE0D21F515350180800A14A50DBA2F9497D50400022A500849927C3FB4432FA909000454A02801F507A55269BB9A004040050A2184D3FF18DAA17F50130008A840212449F27008A92FAA09000454A0286DD092505E50130008A840212449F2C352A9B4554D0020A002456983FE7328CFA909000454A0286DD0B22449B6A809000454A0105A5A5A7E1C02EAB36A02000115284A1BB42204D44D6A02000115284A1BB4329467D40400022A5008A552E9C924497EAA2600105081A2B4416B42795A4D0020A002859024C9DF964AA5A7D40400022A509436687D287FAF2600105081A2B441FF25940D6A02000115284A1BB4314992F56A02000115284A1BF47428EBD40400026A41A5697AC44B2FBDB468C3860DBF5EB97265DADEDEAE14A0AC58B1225DB366CDCF4399EA535A5F49923C13DAA1BF55130008A80515C3E9DAB56BD35DBB76A5EFBEFBAE52A0B27BF7EE74F5EAD56F87B07A914F6AFD944AA59F8590BA5A4D0020A01654EC39154E0B1D52DF6D6F6F7FDE27B5AE6DD0E6509E54130008A805154FEB0B82C52E21A0BEE7935A3FA552694B92244FA8090004D4828AE31D85C0C20754DF99FAB641CF87B2424D0020A08EF280FACB5FEC4C5FDA784FBA65C59C7289F7E36302A4803A0ADBA0174BA552BB9A00688C8F08A80C4740DDBFB723DDFCE359E9CF1E9BD9ADC4C7E27342A4803ACA02EAB6507EAC260086DFC450D2CE5B0195BA06D41D5B7ED8239C66E5F52D4B85480175544992E4A552A9B45C4D000CAFB343D91BCAAD9DB7930454EA19509F5FF5CDAA01353E27440AA8A34908A7AF8490FA989A80627E418F095FD09015A6DC1CCAAA5076C4E0902B3B43591FB6F96ED8F6D270FF536AADD0E1340BA5B10775779143AA803AFA02EAE6F61BAB06D4F89C1029A08E26A10D7A3594A56A020A64F2E4C96787D0F948F8721EAC08A4FD95F762600DA5ADA9A9E9083559C870DADFE3022A02AA802AA0FE5387CCA36A028AF1853C35948D3586D26AE5F9D8ABAA5647D4C47E4268F6FCC4027E161D6C4759408DB3F6AB05D4F89C1029A08EB2E36147ECA8511330C242989CDFD903DA15325B5B5BD3F9F3E7A78B162D4AB76CD992EEDCB9333D78F0601A1D3A74A87CD9C3175F7C315DBC787179BB69D3A6F516549787DF73BC1A1EB170DA5FF82C644FAA803AFA02EAB675DFAE1A50E37342A4803ACA026A1CC2B6584DC008696E6E3EAA737C6957A86C6B6B4BEFBFFFFE7200ADC5810307D2254B96A4575F7D75B7901AFE0ADD1B6E9BD476C39C3DA1B69ED15AB7175005D41E654FC7A674F3E3B37B9EDE0F8FC5E7844801759475DABC15DAA1456A02462E9CAECD87C959B366957B4A87E2F0E1C3E9B265CBCA3DB0B9DFBD3F948BD47AC3C2E9A441FCDCFEA284540175F405D4585E7EEABE1E01353E26400AA8A34D6883768590FA909A8091F90276EB398DA7F263B8AC978E8E8E74E6CC99F9907A304992496ABE70E1B45E3F2FA08EE780FACE3BE9B6BF5BD8F3F47E782C3E27440AA8A34908A73F0FC7AB07D50434FECB373F1F4E376CD8900E873866358E4FCDF7A486D73ED91EA8BBFE264435FAF708A8E328A0C62B45BDB86E41D531A8F13957931250475907CE3F86F27D35018DFDE29D9A9F10157B4E87539C50356FDEBC6EEBA7C63556ED89BA87D37A9D9E1FF19E5401759404D477DE49776E7B227DF6477F56359C66256E13B7D59B2AA08E069D7327FE839A80C67EF17E9A1F735ACFD3FAD5ECDBB72FBDECB2CBF213A76EB527EA1A26B370FA5BA15CDC795B8BCA9F1BD18953026AF1036A7FBDA67A5305D451DE91F37628F7AA096890B8087F7EB6FE502744D5E2E9A79FAE9C34F5297BA42EE174522E647E2F94B4F376A021B5DACF8D584815508B1F5007D26BDA576FAA5029A0163CA0C6E16877AB0968DC976E691612E352528D76CB2DB7E443EACDF648DDC269747167C84C6B08A9F9709A95E9B9E747644CAA805AFC803AD8709A15A152402DB2104E7F9924C95D6A021AF3853B26BB7C695C02AAD6754EEB61FBF6EDDDD6476D6B6BFB883D53B36AA1B1B7B0D95748ED6DFBBB7AD9BEE1635205D4E2075445401DE39D39BF0AE54E35010D1002E1942C1CC699F52325BF907F08CD5FEAA38138D5A5E6AA86D3893584CEDE42EA40C3696548ADE974FF60F7A180DAB03F5ADB43F95D0175EC0754ED69CDC7CB77C277E3AFD40434E62FC29B1B3573BF2F0F3DF4509F93A53A5719589AAD3460CFD51C12FB0BA9B586D3FCEBEF1E484FEA50F7A1FDDEB03621FB43B13D7C174F1350C75E40D59E0EFABBF16EF84E7C474D4063BE705D0BF36FDDBA75C4026A5C73357F60ACD69066C59EEB164E077A9ABD5A487DDF20C369650FEEA4811C0C07BB0FEDF7C606D45C59DE5B8FAA803AFA02AAF674C83DA8B1DE16A80968CCC16847D6483572F67EA5D75E7BADDB9AA8B1E7269E7AAA6C4835A8830EA77D85D41786104EABBE9F7AEF43FB7DC4026AD71F8EF9A02AA08E9E80AA3DADDB77E37028B7AB0968F0C1285EE169A4C485FB2B1ACDF7AA1D2835A8439E45DF5B481D4A38ED16523FF1894F5CD55B2F8D803ABA036ABE4735061E01757404D4E1F82E8EE3EFC66FC21F69D6EB86461F8C46DA000E8CCA7F3DA00CB5917C5F2F3DA72F743E3E14F17DA5175C7081FD340E8A10382A02AA52C71202EA5F4A0E308E7B503B2F1EB0DE5FFC7DF6A00E76B1FCBE7A506B59CCBFD71ED4EC7DD98763AE0775639224939A9A9A8E88DBD5BB07357EFE6EBAE9A66EE1AAA5A5257DF4D147D30F7FF8C3E9E6CD9BBB9E7BE38D37CADBC7C7B66DDB969E7BEEB9E512B73DE18413D23BEFBCB3DBEF7EFCF1C7CBDB1F3870207DECB1C7D2E9D3A797B78D3F132F4E52EFFF475CDBB9BF6DAEBDF6DAF2FD384134B6BDD9E3712DEA7A9FE2F75DAC8F104EFF347C076E5113D098835121C7A0E61A8489E1DF6B35A8BD86C1FD1386670CEA60426AD531B1F6E1A80FA8DD8269A65E0175F5EAD5E5B03877EEDCF2E72F06B6F05AE512836865708B933957AD5A957EFEF39F4F2FBCF0C272E8CC025E2C1FFAD087D273CE39A74720FCD6B7BED563DBF8F80D37DCD0F5EF37DF7C33FDC217BE507E3FF1F54E3FFDF4721DC47F67A1F6BEFBEE4B3FF8C10FF678FFD9F3C71D775C7AE6996796EFC7F2F0C30FA7279E78628FF773D75D7775DD8FBF33BB1FFFFFC33549CA777168C2F76066A8C39BD40434E66054E859FC99CE1E80B51AD4EA3D96830CA771CC696FB3F86B09A9031A136B1F8EBA80BA3EAE495C194CEB1D50F7EFDF9FAE5BB7AEEBDFCB972FEF0A6BB177343E973D96EF3D8DBDA2BDFDBECA80FAC8238FA4D97B8D3F77DD75D775DD3FFFFCF37BFC7C0CB1F1B9D8D39A6D77F7DD77976F63088DC135F6D2E6C3663E54C67FC7B09DFDFBC8238FEC0AC12FBFFC7239B4C66DCE3AEBAC72308DF763DB9BFDECA64D9BCAB7B7DF7EFBB02D33E5BB38E81ED4AF8690FA4D35018D39182D28C23AA8F1B57307C6057D3410B10760BD3DD77FCFE500C3695FEBA00E24A49E3A6180EBA0DA87A3A64DE8B5C774B8026A16CC62F88B012EDE7FF5D557BB026ABCDDB16347B75ECEF858B5D7CF07D42CECC55ECC7C6F69BC1F436F0C96F17EEC91AD7C3F314866F7E3508278FBC0030F7405E4EC3DC580BD72E5CAAE1ED3F8DC25975C52BE1F0370FC7FF5F6FFCDF7A01E7BECB15DC310626F6BEC956DC442FDBE8B357F37AE0BE51B6A021AF317E1D4225C496AE6CC99F9807A913D5393FE7A3007BA087FAD21351B66F025BB60FCA947408D612F06B9534E39255DB06041395CC630F9C94F7E323DF9E493CBCFC7F017036BF6337BF6EC19700FEADEBD7BCB2175FDFAF5E9E73EF7B972D03CFAE8A3CBFFCEB6CFC270EC697DFBEDB7BB42660C90F13DC5FBF10FE809557A50B39019B7A90CB73104C7D7EB2DA0C61ED4A79E7AAA7C3F7B3FF17E7C4D973A2DA6F087DBF5E198395F4D4003B4B6B61E1F02E1C1180CC3FD74DFBE7D233DFEF46068008EB1676A56AD27B5D62B440D34A466AF279C0AA8432A3170C6301A43650C76F19478E569FC099D3D9EB506D45862288DBF3786CF1808E39081ACB73396F7BFFFFD5DBD99598F68E56B67EF27F6A0C6E763CF6E65E03CE38C337AF4A0C6F1A8E79D775ED776312CC7C951719B6C225765B81DCE31A80CB943E786708CFAF76A021A243F0E75F1E2C50D0FA80B172ECC07D47BEC91418B3DA995A7DB2F9E50FB3AA7BD85D4E915AF339475581150BB4A0C8E9581303B359F4D8CCADFAF35A0669FE1B56BD7962748C531A6FD85C109B95ED0F83A59F08CEF21FEEECAD3F6030DA87178C2F6EDDB7B0C21C807D4ECFFFEFAEBAF0BA8C53B56FE5928F3D40434EEAFC2AED3FC3366CC68E872531D1D1DE59EDBECF55B5A5A3E6B8F0C39A4E6274EE5C3662D8BF057FBB95A276621A0F63B49AA32E0656351638F679CD414EF3FF7DC73830AA8F9DECB3843BFDAE4A67CF9E8473F5A1E1210C782C6009D6D1F7B507BDB3E3F892B1F3EE3E4A7EC7DF7350635BEB7EC747FFCBFC7C09A5F6D40402D4C40FD5A2873D50434489C0C11BE74CF662171C992250D0BA873E6CCE90AA7F1527CF6465D549EEE8FE172FA84DA978EAAFCB9A1AEBF8A80DAA3C471A23198C5B1A6F9D9FB133A7B2C6320AD1CB79ADF3E3F96B4339095FFD0CE8F2FFDCC673E530E7EF93550E3E37199AAEC7E0CA359EFE649279D547E9D1868B365A726748E41CDEEC7B1B2FDF5BEF616C6B3407EEFBDF776EBE18D8134DECE9E3DBBC7F257026A6102EAAC50E6A80968A07C2F6AECD17CE59557863D9C2E5BB6ACDBA54D43403DC59E18B6903A54BD0D1F40401DB63221B7D453BEC45EC9F85C0C9395CF65BD907159A8DE7EE7407A256380AC65FB5A026A2CD98A02F98951F9495BF5BE92944F6AFD8463D4FF1B8E957FA126A0F17F1D2ECD02E335D75C531EAB355CE24485FCA9FD50AEB0070A1B52EB1D76115095065DEAD427B5AEC7C8D9A1DCA826A0C19A9B9B3F1EBE7CBBB3D0386FDEBCF2254887239CC6CB0B9A18D510433D2DEFB43E02AA80CA3F05D41B6348551330029224392D94BD59788C6344E318B07A9ED6AFE8395D1E82F1516ABE2121B5D61E5013A210500554FE6B409D13C7A1AA091821F1F286D9DAA8B1C4DECE7829D2A1CED68F83FF2BAE012D9C364EADA7E99DD647401550E91E50E7C699FC6A024650E7B59AF7E70365BCD2549CA050EB22FC719DD38A5ED3F2697DE1B4B021355EBED415A210500554BA77DE7C3D49923F571330F25FC6934390DC51112CD3ABAEBA2A7DF0C107CB0B5FC7D9FED938D5781B0369EC6D8DEBF8C5F50B2B7F36CED637216A444DEC0C9F13FB787EB7708A802AA0D25D5CA43F2ED6AF26A000622F67BCF670656FEA604A5CE7D452528550AD27D5697D04540195EA01F5DFC7CB9DAA092890D6D6D6E3E3F89BFC04AA01963896F51E57882A7C48154E11500554FA103B6BC231F07A350105D4D6D6F681CEF1A937C7494EBD0C01D819BEC4EDE17641F8224F09F78F516B850FA9B70AA708A8022A7D0BC7B46F8663DA57D504C0F09B18FFB098602929045401953E85707A5308A933D504400374065410500554FA6E2BE399C36BD50480808A80AA08A8859024C92DA552E94FD50480808A80AA08A88510C2E95F86907A8D9A00105011501501B5104238BD3584D4ABD50480804A41AD5CB952082C76391802EA7B3EA9F513C2E96D21A4FE899A00105029A8356BD6ECDCB56B972058D0D2D1D1F18310509FF749AD6B5B797B287FAC260004540AEA89279E38EFC9279FFCC55B6FBDF52B81B0583DA7319CAE58B1E2D5502EF249AD9F2449FEBF52A974959A00105029B0108026B5B7B76F8CA792E37847A51025EE8BE785D361692BE30568AE541300022A4051DACA6F87F2476A02404005284A5BF99D2449FE504D0008A80045692B178672859A001050010A214992BF2A954A5F511300022A4051DACABF0EE572350120A00214A5ADBC3394CBD40480800A500849927CB7542A5DAA2600045480A2B495DF0BE512350120A0021442A954BA3B49922FAB09000115A0286DE53DA1B4A909000115A0286DE5BDA552E962350120A002144208A77F9324C974350120A00214A5ADFC0F21A44E551300022A402184707A7F9224AD6A02404005284A5BF9FD505AD40480800A5094B6F28152A026000454804208D9F4C12449A6A809000115A0286DE50F4249D40480800A5008A552E93F2649D2AC2600045480A2B4958B42B9484D0008A800859024C97F2A954A17AA09000115A0286DE5C321A45EA02600045480A2B4958B43395F4D0008A80045692B972449729E9A001050018AD2563E1ACA17D50480800A50084992FCB0542AFDBE9A001050018AD2562E0D2175929A001050018AD256FEE750CE551300022A40212449F2584B4BCBFFAD2600045480A2B495CB4BA5D244350120A002144292243F6A696939474D0008A80045692B7F1C42EABF531300022A4051DACAC74BA5D2FFA526000454804208E1B47DF2E4C967AB09000115A0286DE5CA1052BFA026000454804208E1F489C99327FF9F6A02404005284A5BB92A9426350120A00214A5AD7CB2542AFD1F6A024040052884104E574F9E3CF92C350120A00214A5AD5C13CA996A02404005284A5BF9B793274F3E434D0008A80045692BD785F26FD50480800A5094B6F2EF4AA5D2E96A02404005284A5BB93E4992D3D40480800A5094B67243289F571300022A4051DACAFFD2D2D2F2BFAB09000115A0286DE5C6504E551300022A4051DACAA75A5A5AFE8D9A001050018AD2563E9D24C9E7D40480800A5094B6F227A1FC6F6A02404005288424497EDAD2D2F259350120A00214A5ADFC59A954FA5FD40480800A500849926C6A6D6DFD9FD50480800A5094B6F2D910524F511300022A4051DACACDA552E95FAB09000115A0104238DDD2DCDCFC19350120A00214A5AD7C2E49927FA526000454804228954A5B9B9B9BFF27350120A00214A5AD7C21499293D40480800A5094B6F2C59696967FA92600045480A2B495DB9A9B9B3FAD2600045480A2B495FF9024C9BF501300022A4051DACA979A9B9B4F541300022A4051DACA9743F9949A00105029A8344D8F78E9A597166DD8B0E1D72B57AE4CDBDBDB950294152B56A46BD6ACF97928537D4AEBDE56BED2D2D2F249350120A05250319CAE5DBB36DDB56B57FAEEBBEF2A052ABB77EF4E57AF5EFD7608AB17F9A4D6B5AD7CB5B9B9F9136A024040A5A062CFA9705AE890FA6E7B7BFBF33EA9756D2B5F0BE504350120A05250F1B4BE2058EC1202EA7B3EA9756D2B77B4B6B61EAF260004540A2A8E7714020B1F507DB7EBDB567684F23FAA09000195511E507FF98B9DE94B1BEF49B7AC98532EF17E7C4C80145047615BF9C6D4A9538F5313C0507D441508A88C5C40DDBFB723DDFCE359E9CF1E9BD9ADC4C7E27342A4803ACADACA9DCDCDCD1F5713C0504C0C25EDBC4540650402EA8E2D3FEC114EB3F2FA96A542A4803ADADACA374BA5D2B16A0218ACB343D91BCAAD9DB7935489804AE303EAF3ABBE5935A0C6E78448017594B5956F4D9B36ED7F50130C8BF0D7CF31499284CFD9949B43591567E5C50374AEEC0C657DD8E6BB61DB4B5D3562D486D32C94C61ED4DD42AA804AE303EAE6F61BAB06D4F89C1029A08EB2B67277CC106A82BA9A3C79F2D921743E123E60072B02697FE5BD185843696B6A6A3A424D8EAA70DADFE308A808A8022A036D2B7F3E7DFAF47FAE26A8D707EAD45036D6184AAB95E763AFAA5A2DA489FD84D0EC79635205541A1450E3ACFD6A01353E27440AA8A3ACADDCD3DCDCFCDFAB09862C84C9F99D3DA05D21B3B5B5359D3F7F7EBA68D1A274CB962DE9CE9D3BD383070FA6D1A14387CA97ED7BF1C517D3C58B1797B79B366D5A6F4175B9C57A0B194EFB0B9F7A5205541A1850B7ADFB76D5801A9F132205D451D656FE634B4BCB47D5048316FEC239AA737C6957A86C6B6B4BEFBFFFFE7200ADC5810307D2254B96A4575F7D75B7909A24C9DE70DBA4B647DCD9136AEB19AD757B0115061950F7746C4A373F3EBBE7E9FDF0587C4E881450479378DC0F59C2F2850C299CAECD87C959B366957B4A87E2F0E1C3E9B265CBCA3DB0B9DFBD3F948BD4FA8887D34983F8B9FD42AA80CAF006D4585E7EEABE1E01353E26400AA8A3B0ADFC45C81847AB0906FB01EAD6731A4FE5C770592F1D1D1DE9CC9933F321F560F8ABCA29E3D1134EEBF5F3022A026A7F21E99D77D26D7FB7B0E7E9FDF0587C4E881450479352A9B4EF8B5FFCE287D50483F9F0CCCF87D30D1B36A4C3218E598DE353F33DA9E1B54FB6071AA6BF09518DFE3D022A026A2F57917A71DD82AA6350E373AE2625A08EB2B6727F3C4BAB26A8F583736A7E4254EC391D4E7142D5BC79F3BAAD9F6A7DB48686D37A9D9E1FF73DA9022A750DA8EFBC93EEDCF644FAEC8FFEAC6A38CD4ADC266EAB3755401D256DE52FA74D9BF62135414D9224F9697ECC693D4FEB57B36FDFBEF4B2CB2ECB4F9CBAD59E185695139C7E2B948B3B6F6B51F973E37AE294804ABD026A7FBDA67A5305D451DE561EF8FDDFFFFDFF564D30607111FEFC6CFDA14E88AAC5D34F3F5D3969EA53F6C8B086D349B990F9BD50D2CEDB8186D46A3F376E43AA804ABD02EA407A4DFBEA4D152A05D482B795BF6A6E6EFEA09AA0960FCDD22C24C6A5A41AED965B6EC987D49BED91610FA7D1C59D2133AD21A4E6C36956A6E79E1F9763520554EA1550071B4EB322540AA8056F2BDF696B6BFB809A6040E2B8CFECF2A57109A85AD739AD87EDDBB7775B1FD53A6975552D34F61636FB0AA9BD6D7F572FDB8FBB31A9022AF50AA88A803AC6DBCA779B9B9BFF1B35C180844038250B877166FD48C92FE41F42F397FAF8809F1ADEF323F65C4DE174620DA1B3B7903AD0705A195227D6D8788DCA7D2BA052F1477F7B28BF2BA08EFD80EA7854735B79E8F2CB2F3F524D30D00FCCCD8D9AB9DF97871E7AA8CFC9529DAB0C2CCD561AB0E7FA35D090D85F48AD359CE65F7FF7407A5247FBBEF579A4F2F3D0F987767B68CB4E1350C75E40753C1AF477E3BDA6A6A623D40403FDC0742DCCBF75EBD6110BA871CDD57CC35EAD21C88A3D37A0703AD0D3ECD542EAFB06194E2B7B70270DA4911FADFBD6E791DE026AAE2CEFAD4755401D7D01D5F168C8DF8DC3CDCDCDFF4C4D30D00FCC8EEC4BD6C8D9FB955E7BEDB56E6BA2C69E8778EAA4B221D020D43D9CF615525F184238ADFA7EC6DABEF579A49F80DAF587773EA80AA8A327A03A1ED5EDBBF1EB1B6FBCF17D6A829A1BD37885A7911217EEAFF8D2BF57ADA1D7200CAEC77290217528E1B45B48FDC4273E71556FBD0F022AE321A0E67B5463E011504747401D8B6D96B69251D7988EB40134EC4A3F25ECD2A15EECE07DBDF49CBED0F9F850C4F7955E70C105F693A274162170540454A5BEC72818DD3DA89D170F58EF433EA81ED4C12E96DF570F6A2D8BF9F7DA839ABD2FFB9671DA83BA31499249D9249146F5A0C665FCF2AF15BFCFF132D3BD6DFBF8E38F979F3F70E040FAD8638FA5D3A74F4F1F7DF4D1F4DC73CF2D5FC4A59EEF2BBE4E5C03BBBF6DAEBDF6DAF2FD3891361EA3B2C7E39ADD8D3AC5AFCD8291694C0B3906357B7FA5526962F8F75A0D424D6170FF84E119833A98905A754CAC7DCB3809A8DD8269A691A7F8E3F777FDFAF5E9DEBD7BCBF7D7AD5B5775BB6F7DEB5BE5809A85C1ECF11B6EB8A1EBDF6FBEF966FA852F7CA11C5E63503CFDF4D3CBFFD7F8EF2CD4DE77DF7DE9073FF8C1AE9F59BD7A75B7E78F3BEEB8F4CC33CF2CDF8FE5E1871F4E4F3CF1C41EEFE7AEBBEEEABA1F7F67763F06D6464F92D26641631BD342CFE2CF74FE05BB5683507B8FE520C3691C73DADB2CFE5A42EA80C6C4DAB78CD180BA3EAEE95C6D599D4604D4CD9B379783DFC73EF6B172087CFFFBDF5FFEF7673EF3997210CD6FFBC8238F74F5B4C6EFFA75D75DD775FFFCF3CFEFF1BB63888DCFC59ED66CBBBBEFBEBB7C1B43680CAE279C7042B7B0990F95F1DF73E7CEEDFAF791471ED915825F7EF9E5F2FB8DDB9C75D659E5601AEFC76354F6B39B366D2ADFDE7EFBED0D5F664A9B058D694C1714611DD4F8DAB9867D41B5F7DBF917EC7A7B6EF03D97030CA77DAD833A90907AEA8401AE836ADF32C6DAD45E7B4C4722A02E5FBEBC1CFC2A1F3FFAE8A3D3F3CE3BAFEBDF59D88BE135DF5B1AEFC7DF118365BCBF6AD5AA1E3D9C314866F763208EB70F3CF040FAC61B6F94EFEFD8B1A3FCFCFEFDFBD3952B5776F598C6E72EB9E492F2FD188063A8EDAD4737DF837AECB1C7760D4388BDADB157762417EAD766C1300A5FB0A945B892D4CC9933F301F5227BA62EFAEBC11CE822FCB586D46C98C197EC02287E408DA7FE63488DC3003EF7B9CF958366DC26FE3BDBE6D5575F2D7FF7634FEBDB6FBFDD153263805CB06041F97EEC689850A507350B99719BCA701BDF677CBDDE026AEC417DEAA9A7BA8629648FC7D774A95318C35A5B5B8F0F81F0600C86E17EBA6FDFBE911E7F7A3084E663EC99BAA9D6935AEB15A2061A52B3D7134EA10001357E57AFB8E28A7268CCC67FC6C7E2E5A52B8703C4E762F88C81308E53CD7A3BB3E101596F66D6231A7F4FECD1CC4263D66B1A7B50E3F3DBB66DEB1138CF38E38C1E3DA8713C6A658F6E9C1C15B7B9F3CE3B7B0DB72331061568B0FC38D4C58B17373CA02E5CB8301F50EFB147EA2EF6A4569E6EBF7842EDEB9CF61652A757BCCE50D6610501B58EE5B9E79E2B972CD4FDC55FFC45F97E0C8EAFBFFE7A8FF018CBDAB56BCB13A4E218D3FEC2E0845C2F680CAA59F08CBDA7E79C734E8FD3F6030DA87112565C7D6042C510827C40CD862554FE3F04541843F2A7F967CC98D1D0E5A63A3A3ACA3DB7D9EBB7B4B47CD61E19B6909A9F38950F9BB52CC25FEDE76A9D980502EA3086D338F63386C678CAFE8FFFF88FCB3DA359A08BE12F9EFABFF4D24B7BFC5C0C7E71867EB5C94DF9F2D18F7EB4FCFBE358D0F8FBB3ED630F6AB51EDDDEC26D9CFC9405E9BEC6A0C6F7969DEE8F13A96260CDAF3620A0C2181307F38770F86C1612972C59D2B0803A67CE9CAE701A2F25676F0CABCAD3FD315C4E9F50FBD251953F37D4F5574140AD63D9B3674FD7725231444E9D3AB5DBF3F9E59AF2E34BE3ECFE18FCF26BA0C6C72FBCF0C2AEFB318C66BD9B279D7452F9B47E0CB4D9B253133AC7A066F7E3C4ABFE7A5F2B4B1C1E900D21B8F7DE7BBBF5F0C6401A6F67CF9EDD63F92B0115C6A07C2F6AECD17CE59557863D9C2E5BB6ACDBA54D43403DC59E6878481DAADE860F002318502B978FCAC25D1C8BFA95AF7CA5AB37B2DACF0CA4573206C85AB6AF25A0C692AD28909F18959FB4D5A82B49F9A44201745E73B81C18AFB9E69AF218A4E112FFB2CF9FDA0FE50A7B60D485D47A875D105095425DEAD427150AA0B9B9F9E32128EECE4263BC1C5EBC04E97084D378D93C13A346D4504FCB3BAD0F02AA800A34469224A785B2370B8F718C681CCF54CFD3FA153DA7CB43303E4ACD8F6848ADB507D4842810500554A0B1E2E5F9B2B5516389BD9DF152A4439DAD1F07B5575CC358381D79B59EA6775A1F0454011518199DD71ADE9F0F94F14A537139905A17E18FEB9C56F49A964FEB0BA7A32EA4C6CB97BA421408A8022A30724AA5D2C92148EEA80896E955575D953EF8E083E5059DE36CFF6C9C6ABC8D8134F6B6C6F5E9AEBBEEBACA505A9EAD6F4254214DEC0C9F13FB787EB7700A02AA800A8CB8D8CB1982EAFCCADED4C194B8CEA9A5A40AAD5A4FAAD3FA20A00AA840F1B4B6B61E1F42E6DCFC04AA01963896F51E57881AB521553805015540058AADADADED039DE3536F8E939C7A1902B0B3542AB587DB0521CC4E09F78F516BA336A4DE2A9C82802AA002501413E31F1C132C250502AA800A4051740654404015500110504140550454000454105015011540400501551150011050A10056AE5C290416BB1C0C01F53D9F54000115C68D356BD6ECDCB56B972058D0D2D1D1F18310509FF74905105061DC78E28927CE7BF2C9277FF1D65B6FFD4A202C56CF690CA72B56AC7835948B7C52010454185742009AD4DEDEBE319E4A8EE31D954294B82F9E174E010454000010500100105001004040050040400500000115000001150000045400000454000010500100404005004040050000011500000115000004540000045400001050010010500100404005004040050000011500000454000004540000105001001050010040400500404005000001150000011500000454000004540000105001004040050040400500000115000001150000045400000454000010500100105001004040050040401550010010500100404005004040050000011500000115000004540000045400001050010010500100404005000001150000011500000454000004540000105001001050010040400500404005000001150000011500000454000010500100105001004040050040400500000115000001150000045400000454000010500100105001004040050000011500000115000004540000045400001050010010500100404005004040050000011500000115182B4AA5D231499284AFF8949B435915CA8EF87DCF959DA1AC0FDB7C376C7B69B8FF29B50680800AD4DDE4C993CF0EA1F391F0DD3E581148FB2BEFC5C01A4A5B5353D3116A1200011518EA77F9D45036D6184AAB95E763AFAA5A05404005062584C9F99D3DA05D21B3B5B5359D3F7F7EBA68D1A274CB962DE9CE9D3BD383070FA6D1A14387D25DBB76A52FBEF862BA78F1E2F276D3A64DEB2DA82E0FBFE778350C80800A0C487373F3519DE34BBB42655B5B5B7AFFFDF79703682D0E1C38902E59B224BDFAEAABBB85D42449F686DB26B50D80800A0C249CAECD87C959B366957B4A87E2F0E1C3E9B265CBCA3DB0B9DFBD3F948BD43A00022AD0D777B75BCF693C951FC365BD747474A43367CECC87D48349924C52F30008A8400F9D634EBBC2E3860D1BD2E110C7ACC6F1A9F99ED4F0DA27DB030008A840FE3B7B6A7E4254EC391D4E7142D5BC79F3BAAD9F1AD758B52700105081B224497E9A1F735ACFD3FAD5ECDBB72FBDECB2CBF213A76EB52700105081F222FCF9D9FA439D10558BA79F7EBA72D2D4A7EC11000454F07D5D9A85C4B89454A3DD72CB2DF9907AB33D0280800AE3581CF7995DBE342E0155EB3AA7F5B07DFBF66EEBA3B6B5B57DC49E01404085B1193EDB43F9DDBEB60981704A160EE3CCFA91925FC83FBCE72FD97B0008A83046BF879D81AF3D04D1D3AA6C7373A366EEF7E5A1871E32590A000115C64B40CD95E5953DAAF985F9B76EDD3A620135AEB99A0FD4F61E00022A8C8F80DA1500B3A01AFEBD237BBC91B3F72BBDF6DA6BDDD644B5F7001050611C05D47C8F6AFEDFF10A4F23252EDC9F7F2FF61E002371605414A56065A409A80000E3F70FC58D49924C6A6A6A3A420F2A0000231950BB82696E1B635001006878405D1FD716CD07D3DC3666F10300D0B080DAA3C7B4976D1614611DD4F8DAB940BDC0DE030018A74AA5D2D4225C496AE6CC99F9807A913D0300304EB5B6B61E1F02E1C1180CC3FD74DFBE7D233DFEF46008CDC7D8330000E3587E1CEAE2C58B1B1E50172E5C980FA8F7D8230000E35CFE34FF8C19331ABADC54474747B9E7367BFD969696CFDA230000E35CE77AA8CF662171C992250D0BA873E6CCE90AA749923C626F00005096EF458D3D9AAFBCF2CAB087D365CB96E54FEDBF1702EA29F60400005D42485C9A05C66BAEB9263D70E0C0B085D375EBD6753BB51FCA15F6000000DD3437377F3C04C5DD59689C376F5EF912A4C3114EDBDADA4C8C0200A07F49929C16CADE2C3CC631A27BF6ECA9EB69FD8A9ED3E521181FA5E60100A82A5E16355B1B3596D8DB192F453AD4D9FAB367CFCE0753E1140080819B3C79F2D92140EECF07CA78A5A9AD5BB7D6BC087F5CE7B4A2D7B47C5A5F380500A026A552E9E41024775404CBF4AAABAE4A1F7CF0C174EDDAB5E5D9FED938D5781B0369EC6D5DB468517ADD75D75586D2F26C7D13A2000018B4D8CB1982EAFCCADED4C194B8CEA9A5A40000A88BD6D6D6E343C89C9B9F4035C012C7B2DEE30A5100000C8BB6B6B60F748E4FBD394E72EA6508C0CE52A9D41E6E1784303B25DC3F46AD0100000000000000000000000000000000000000004075FF3F30D4B04D59EDFA0F0000000049454E44AE426082, '1');

-- ----------------------------
-- Table structure for act_ge_property
-- ----------------------------
DROP TABLE IF EXISTS `act_ge_property`;
CREATE TABLE `act_ge_property` (
  `NAME_` varchar(64) COLLATE utf8_bin NOT NULL DEFAULT '',
  `VALUE_` varchar(300) COLLATE utf8_bin DEFAULT NULL,
  `REV_` int(11) DEFAULT NULL,
  PRIMARY KEY (`NAME_`)
) ENGINE=InnoDB DEFAULT CHARSET=utf8 COLLATE=utf8_bin;

-- ----------------------------
-- Records of act_ge_property
-- ----------------------------
INSERT INTO `act_ge_property` VALUES ('next.dbid', '5001', '3');
INSERT INTO `act_ge_property` VALUES ('schema.history', 'create(5.18.0.0)', '1');
INSERT INTO `act_ge_property` VALUES ('schema.version', '5.18.0.0', '1');

-- ----------------------------
-- Table structure for act_hi_actinst
-- ----------------------------
DROP TABLE IF EXISTS `act_hi_actinst`;
CREATE TABLE `act_hi_actinst` (
  `ID_` varchar(64) COLLATE utf8_bin NOT NULL,
  `PROC_DEF_ID_` varchar(64) COLLATE utf8_bin NOT NULL,
  `PROC_INST_ID_` varchar(64) COLLATE utf8_bin NOT NULL,
  `EXECUTION_ID_` varchar(64) COLLATE utf8_bin NOT NULL,
  `ACT_ID_` varchar(255) COLLATE utf8_bin NOT NULL,
  `TASK_ID_` varchar(64) COLLATE utf8_bin DEFAULT NULL,
  `CALL_PROC_INST_ID_` varchar(64) COLLATE utf8_bin DEFAULT NULL,
  `ACT_NAME_` varchar(255) COLLATE utf8_bin DEFAULT NULL,
  `ACT_TYPE_` varchar(255) COLLATE utf8_bin NOT NULL,
  `ASSIGNEE_` varchar(255) COLLATE utf8_bin DEFAULT NULL,
  `START_TIME_` datetime(3) NOT NULL,
  `END_TIME_` datetime(3) DEFAULT NULL,
  `DURATION_` bigint(20) DEFAULT NULL,
  `TENANT_ID_` varchar(255) COLLATE utf8_bin DEFAULT '',
  PRIMARY KEY (`ID_`),
  KEY `ACT_IDX_HI_ACT_INST_START` (`START_TIME_`),
  KEY `ACT_IDX_HI_ACT_INST_END` (`END_TIME_`),
  KEY `ACT_IDX_HI_ACT_INST_PROCINST` (`PROC_INST_ID_`,`ACT_ID_`),
  KEY `ACT_IDX_HI_ACT_INST_EXEC` (`EXECUTION_ID_`,`ACT_ID_`)
) ENGINE=InnoDB DEFAULT CHARSET=utf8 COLLATE=utf8_bin;

-- ----------------------------
-- Records of act_hi_actinst
-- ----------------------------
INSERT INTO `act_hi_actinst` VALUES ('2502', 'LeaveProcess:1:4', '2501', '2501', 'startevent1', null, null, 'Start', 'startEvent', null, '2017-05-07 22:21:23.000', '2017-05-07 22:21:23.000', '17', '');
INSERT INTO `act_hi_actinst` VALUES ('2505', 'LeaveProcess:1:4', '2501', '2501', 'exclusivegateway1', null, null, 'Exclusive Gateway', 'exclusiveGateway', null, '2017-05-07 22:21:23.000', '2017-05-07 22:21:23.000', '6', '');
INSERT INTO `act_hi_actinst` VALUES ('2506', 'LeaveProcess:1:4', '2501', '2501', 'usertask1', '2507', null, '', 'userTask', 'limin', '2017-05-07 22:21:23.000', '2017-05-07 22:29:58.000', '515757', '');
INSERT INTO `act_hi_actinst` VALUES ('2512', 'LeaveProcess:1:4', '2501', '2501', 'exclusivegateway2', null, null, 'Exclusive Gateway', 'exclusiveGateway', null, '2017-05-07 22:29:58.000', '2017-05-07 22:29:58.000', '0', '');
INSERT INTO `act_hi_actinst` VALUES ('2513', 'LeaveProcess:1:4', '2501', '2501', 'usertask2', '2514', null, '', 'userTask', 'zhangbo', '2017-05-07 22:29:58.000', '2017-05-07 22:33:35.000', '217754', '');
INSERT INTO `act_hi_actinst` VALUES ('2517', 'LeaveProcess:1:4', '2501', '2501', 'exclusivegateway3', null, null, 'Exclusive Gateway', 'exclusiveGateway', null, '2017-05-07 22:33:35.000', '2017-05-07 22:33:35.000', '0', '');
INSERT INTO `act_hi_actinst` VALUES ('2518', 'LeaveProcess:1:4', '2501', '2501', 'usertask3', '2519', null, '', 'userTask', 'lixiaohu', '2017-05-07 22:33:35.000', null, null, '');
INSERT INTO `act_hi_actinst` VALUES ('2522', 'LeaveProcess:1:4', '2521', '2521', 'startevent1', null, null, 'Start', 'startEvent', null, '2017-05-07 22:36:43.000', '2017-05-07 22:36:43.000', '1', '');
INSERT INTO `act_hi_actinst` VALUES ('2525', 'LeaveProcess:1:4', '2521', '2521', 'exclusivegateway1', null, null, 'Exclusive Gateway', 'exclusiveGateway', null, '2017-05-07 22:36:43.000', '2017-05-07 22:36:43.000', '0', '');
INSERT INTO `act_hi_actinst` VALUES ('2526', 'LeaveProcess:1:4', '2521', '2521', 'usertask3', '2527', null, '', 'userTask', 'lixiaohu', '2017-05-07 22:36:43.000', null, null, '');

-- ----------------------------
-- Table structure for act_hi_attachment
-- ----------------------------
DROP TABLE IF EXISTS `act_hi_attachment`;
CREATE TABLE `act_hi_attachment` (
  `ID_` varchar(64) COLLATE utf8_bin NOT NULL,
  `REV_` int(11) DEFAULT NULL,
  `USER_ID_` varchar(255) COLLATE utf8_bin DEFAULT NULL,
  `NAME_` varchar(255) COLLATE utf8_bin DEFAULT NULL,
  `DESCRIPTION_` varchar(4000) COLLATE utf8_bin DEFAULT NULL,
  `TYPE_` varchar(255) COLLATE utf8_bin DEFAULT NULL,
  `TASK_ID_` varchar(64) COLLATE utf8_bin DEFAULT NULL,
  `PROC_INST_ID_` varchar(64) COLLATE utf8_bin DEFAULT NULL,
  `URL_` varchar(4000) COLLATE utf8_bin DEFAULT NULL,
  `CONTENT_ID_` varchar(64) COLLATE utf8_bin DEFAULT NULL,
  `TIME_` datetime(3) DEFAULT NULL,
  PRIMARY KEY (`ID_`)
) ENGINE=InnoDB DEFAULT CHARSET=utf8 COLLATE=utf8_bin;

-- ----------------------------
-- Records of act_hi_attachment
-- ----------------------------

-- ----------------------------
-- Table structure for act_hi_comment
-- ----------------------------
DROP TABLE IF EXISTS `act_hi_comment`;
CREATE TABLE `act_hi_comment` (
  `ID_` varchar(64) COLLATE utf8_bin NOT NULL,
  `TYPE_` varchar(255) COLLATE utf8_bin DEFAULT NULL,
  `TIME_` datetime(3) NOT NULL,
  `USER_ID_` varchar(255) COLLATE utf8_bin DEFAULT NULL,
  `TASK_ID_` varchar(64) COLLATE utf8_bin DEFAULT NULL,
  `PROC_INST_ID_` varchar(64) COLLATE utf8_bin DEFAULT NULL,
  `ACTION_` varchar(255) COLLATE utf8_bin DEFAULT NULL,
  `MESSAGE_` varchar(4000) COLLATE utf8_bin DEFAULT NULL,
  `FULL_MSG_` longblob,
  PRIMARY KEY (`ID_`)
) ENGINE=InnoDB DEFAULT CHARSET=utf8 COLLATE=utf8_bin;

-- ----------------------------
-- Records of act_hi_comment
-- ----------------------------

-- ----------------------------
-- Table structure for act_hi_detail
-- ----------------------------
DROP TABLE IF EXISTS `act_hi_detail`;
CREATE TABLE `act_hi_detail` (
  `ID_` varchar(64) COLLATE utf8_bin NOT NULL,
  `TYPE_` varchar(255) COLLATE utf8_bin NOT NULL,
  `PROC_INST_ID_` varchar(64) COLLATE utf8_bin DEFAULT NULL,
  `EXECUTION_ID_` varchar(64) COLLATE utf8_bin DEFAULT NULL,
  `TASK_ID_` varchar(64) COLLATE utf8_bin DEFAULT NULL,
  `ACT_INST_ID_` varchar(64) COLLATE utf8_bin DEFAULT NULL,
  `NAME_` varchar(255) COLLATE utf8_bin NOT NULL,
  `VAR_TYPE_` varchar(255) COLLATE utf8_bin DEFAULT NULL,
  `REV_` int(11) DEFAULT NULL,
  `TIME_` datetime(3) NOT NULL,
  `BYTEARRAY_ID_` varchar(64) COLLATE utf8_bin DEFAULT NULL,
  `DOUBLE_` double DEFAULT NULL,
  `LONG_` bigint(20) DEFAULT NULL,
  `TEXT_` varchar(4000) COLLATE utf8_bin DEFAULT NULL,
  `TEXT2_` varchar(4000) COLLATE utf8_bin DEFAULT NULL,
  PRIMARY KEY (`ID_`),
  KEY `ACT_IDX_HI_DETAIL_PROC_INST` (`PROC_INST_ID_`),
  KEY `ACT_IDX_HI_DETAIL_ACT_INST` (`ACT_INST_ID_`),
  KEY `ACT_IDX_HI_DETAIL_TIME` (`TIME_`),
  KEY `ACT_IDX_HI_DETAIL_NAME` (`NAME_`),
  KEY `ACT_IDX_HI_DETAIL_TASK_ID` (`TASK_ID_`)
) ENGINE=InnoDB DEFAULT CHARSET=utf8 COLLATE=utf8_bin;

-- ----------------------------
-- Records of act_hi_detail
-- ----------------------------

-- ----------------------------
-- Table structure for act_hi_identitylink
-- ----------------------------
DROP TABLE IF EXISTS `act_hi_identitylink`;
CREATE TABLE `act_hi_identitylink` (
  `ID_` varchar(64) COLLATE utf8_bin NOT NULL DEFAULT '',
  `GROUP_ID_` varchar(255) COLLATE utf8_bin DEFAULT NULL,
  `TYPE_` varchar(255) COLLATE utf8_bin DEFAULT NULL,
  `USER_ID_` varchar(255) COLLATE utf8_bin DEFAULT NULL,
  `TASK_ID_` varchar(64) COLLATE utf8_bin DEFAULT NULL,
  `PROC_INST_ID_` varchar(64) COLLATE utf8_bin DEFAULT NULL,
  PRIMARY KEY (`ID_`),
  KEY `ACT_IDX_HI_IDENT_LNK_USER` (`USER_ID_`),
  KEY `ACT_IDX_HI_IDENT_LNK_TASK` (`TASK_ID_`),
  KEY `ACT_IDX_HI_IDENT_LNK_PROCINST` (`PROC_INST_ID_`)
) ENGINE=InnoDB DEFAULT CHARSET=utf8 COLLATE=utf8_bin;

-- ----------------------------
-- Records of act_hi_identitylink
-- ----------------------------
INSERT INTO `act_hi_identitylink` VALUES ('2508', '0007', 'candidate', null, '2507', null);
INSERT INTO `act_hi_identitylink` VALUES ('2510', null, 'participant', 'limin', null, '2501');
INSERT INTO `act_hi_identitylink` VALUES ('2515', '0008', 'candidate', null, '2514', null);
INSERT INTO `act_hi_identitylink` VALUES ('2516', null, 'participant', 'zhangbo', null, '2501');
INSERT INTO `act_hi_identitylink` VALUES ('2520', '0009', 'candidate', null, '2519', null);
INSERT INTO `act_hi_identitylink` VALUES ('2528', '0009', 'candidate', null, '2527', null);
INSERT INTO `act_hi_identitylink` VALUES ('2530', null, 'participant', 'lixiaohu', null, '2501');
INSERT INTO `act_hi_identitylink` VALUES ('2531', null, 'participant', 'lixiaohu', null, '2521');

-- ----------------------------
-- Table structure for act_hi_procinst
-- ----------------------------
DROP TABLE IF EXISTS `act_hi_procinst`;
CREATE TABLE `act_hi_procinst` (
  `ID_` varchar(64) COLLATE utf8_bin NOT NULL,
  `PROC_INST_ID_` varchar(64) COLLATE utf8_bin NOT NULL,
  `BUSINESS_KEY_` varchar(255) COLLATE utf8_bin DEFAULT NULL,
  `PROC_DEF_ID_` varchar(64) COLLATE utf8_bin NOT NULL,
  `START_TIME_` datetime(3) NOT NULL,
  `END_TIME_` datetime(3) DEFAULT NULL,
  `DURATION_` bigint(20) DEFAULT NULL,
  `START_USER_ID_` varchar(255) COLLATE utf8_bin DEFAULT NULL,
  `START_ACT_ID_` varchar(255) COLLATE utf8_bin DEFAULT NULL,
  `END_ACT_ID_` varchar(255) COLLATE utf8_bin DEFAULT NULL,
  `SUPER_PROCESS_INSTANCE_ID_` varchar(64) COLLATE utf8_bin DEFAULT NULL,
  `DELETE_REASON_` varchar(4000) COLLATE utf8_bin DEFAULT NULL,
  `TENANT_ID_` varchar(255) COLLATE utf8_bin DEFAULT '',
  `NAME_` varchar(255) COLLATE utf8_bin DEFAULT NULL,
  PRIMARY KEY (`ID_`),
  UNIQUE KEY `PROC_INST_ID_` (`PROC_INST_ID_`),
  KEY `ACT_IDX_HI_PRO_INST_END` (`END_TIME_`),
  KEY `ACT_IDX_HI_PRO_I_BUSKEY` (`BUSINESS_KEY_`)
) ENGINE=InnoDB DEFAULT CHARSET=utf8 COLLATE=utf8_bin;

-- ----------------------------
-- Records of act_hi_procinst
-- ----------------------------
INSERT INTO `act_hi_procinst` VALUES ('2501', '2501', null, 'LeaveProcess:1:4', '2017-05-07 22:21:23.000', null, null, null, 'startevent1', null, null, null, '', null);
INSERT INTO `act_hi_procinst` VALUES ('2521', '2521', null, 'LeaveProcess:1:4', '2017-05-07 22:36:43.000', null, null, null, 'startevent1', null, null, null, '', null);

-- ----------------------------
-- Table structure for act_hi_taskinst
-- ----------------------------
DROP TABLE IF EXISTS `act_hi_taskinst`;
CREATE TABLE `act_hi_taskinst` (
  `ID_` varchar(64) COLLATE utf8_bin NOT NULL,
  `PROC_DEF_ID_` varchar(64) COLLATE utf8_bin DEFAULT NULL,
  `TASK_DEF_KEY_` varchar(255) COLLATE utf8_bin DEFAULT NULL,
  `PROC_INST_ID_` varchar(64) COLLATE utf8_bin DEFAULT NULL,
  `EXECUTION_ID_` varchar(64) COLLATE utf8_bin DEFAULT NULL,
  `NAME_` varchar(255) COLLATE utf8_bin DEFAULT NULL,
  `PARENT_TASK_ID_` varchar(64) COLLATE utf8_bin DEFAULT NULL,
  `DESCRIPTION_` varchar(4000) COLLATE utf8_bin DEFAULT NULL,
  `OWNER_` varchar(255) COLLATE utf8_bin DEFAULT NULL,
  `ASSIGNEE_` varchar(255) COLLATE utf8_bin DEFAULT NULL,
  `START_TIME_` datetime(3) NOT NULL,
  `CLAIM_TIME_` datetime(3) DEFAULT NULL,
  `END_TIME_` datetime(3) DEFAULT NULL,
  `DURATION_` bigint(20) DEFAULT NULL,
  `DELETE_REASON_` varchar(4000) COLLATE utf8_bin DEFAULT NULL,
  `PRIORITY_` int(11) DEFAULT NULL,
  `DUE_DATE_` datetime(3) DEFAULT NULL,
  `FORM_KEY_` varchar(255) COLLATE utf8_bin DEFAULT NULL,
  `CATEGORY_` varchar(255) COLLATE utf8_bin DEFAULT NULL,
  `TENANT_ID_` varchar(255) COLLATE utf8_bin DEFAULT '',
  PRIMARY KEY (`ID_`),
  KEY `ACT_IDX_HI_TASK_INST_PROCINST` (`PROC_INST_ID_`)
) ENGINE=InnoDB DEFAULT CHARSET=utf8 COLLATE=utf8_bin;

-- ----------------------------
-- Records of act_hi_taskinst
-- ----------------------------
INSERT INTO `act_hi_taskinst` VALUES ('2507', 'LeaveProcess:1:4', 'usertask1', '2501', '2501', '', null, null, null, 'limin', '2017-05-07 22:21:23.000', '2017-05-07 22:29:42.000', '2017-05-07 22:29:58.000', '515748', 'completed', '50', null, null, null, '');
INSERT INTO `act_hi_taskinst` VALUES ('2514', 'LeaveProcess:1:4', 'usertask2', '2501', '2501', '', null, null, null, 'zhangbo', '2017-05-07 22:29:58.000', '2017-05-07 22:33:18.000', '2017-05-07 22:33:35.000', '217747', 'completed', '50', null, null, null, '');
INSERT INTO `act_hi_taskinst` VALUES ('2519', 'LeaveProcess:1:4', 'usertask3', '2501', '2501', '', null, null, null, 'lixiaohu', '2017-05-07 22:33:35.000', '2017-05-07 22:38:12.000', null, null, null, '50', null, null, null, '');
INSERT INTO `act_hi_taskinst` VALUES ('2527', 'LeaveProcess:1:4', 'usertask3', '2521', '2521', '', null, null, null, 'lixiaohu', '2017-05-07 22:36:43.000', '2017-05-07 22:38:12.000', null, null, null, '50', null, null, null, '');

-- ----------------------------
-- Table structure for act_hi_varinst
-- ----------------------------
DROP TABLE IF EXISTS `act_hi_varinst`;
CREATE TABLE `act_hi_varinst` (
  `ID_` varchar(64) COLLATE utf8_bin NOT NULL,
  `PROC_INST_ID_` varchar(64) COLLATE utf8_bin DEFAULT NULL,
  `EXECUTION_ID_` varchar(64) COLLATE utf8_bin DEFAULT NULL,
  `TASK_ID_` varchar(64) COLLATE utf8_bin DEFAULT NULL,
  `NAME_` varchar(255) COLLATE utf8_bin NOT NULL,
  `VAR_TYPE_` varchar(100) COLLATE utf8_bin DEFAULT NULL,
  `REV_` int(11) DEFAULT NULL,
  `BYTEARRAY_ID_` varchar(64) COLLATE utf8_bin DEFAULT NULL,
  `DOUBLE_` double DEFAULT NULL,
  `LONG_` bigint(20) DEFAULT NULL,
  `TEXT_` varchar(4000) COLLATE utf8_bin DEFAULT NULL,
  `TEXT2_` varchar(4000) COLLATE utf8_bin DEFAULT NULL,
  `CREATE_TIME_` datetime(3) DEFAULT NULL,
  `LAST_UPDATED_TIME_` datetime(3) DEFAULT NULL,
  PRIMARY KEY (`ID_`),
  KEY `ACT_IDX_HI_PROCVAR_PROC_INST` (`PROC_INST_ID_`),
  KEY `ACT_IDX_HI_PROCVAR_NAME_TYPE` (`NAME_`,`VAR_TYPE_`),
  KEY `ACT_IDX_HI_PROCVAR_TASK_ID` (`TASK_ID_`)
) ENGINE=InnoDB DEFAULT CHARSET=utf8 COLLATE=utf8_bin;

-- ----------------------------
-- Records of act_hi_varinst
-- ----------------------------
INSERT INTO `act_hi_varinst` VALUES ('2503', '2501', '2501', null, 'deptId', 'long', '0', null, null, '1', '1', null, '2017-05-07 22:21:23.000', '2017-05-07 22:21:23.000');
INSERT INTO `act_hi_varinst` VALUES ('2504', '2501', '2501', null, 'jobCode', 'integer', '0', null, null, '5', '5', null, '2017-05-07 22:21:23.000', '2017-05-07 22:21:23.000');
INSERT INTO `act_hi_varinst` VALUES ('2509', '2501', '2501', null, 'leaveId', 'long', '0', null, null, '1', '1', null, '2017-05-07 22:21:23.000', '2017-05-07 22:21:23.000');
INSERT INTO `act_hi_varinst` VALUES ('2511', '2501', '2501', null, 'status', 'short', '1', null, null, '1', '1', null, '2017-05-07 22:29:58.000', '2017-05-07 22:33:35.000');
INSERT INTO `act_hi_varinst` VALUES ('2523', '2521', '2521', null, 'deptId', 'long', '0', null, null, '1', '1', null, '2017-05-07 22:36:43.000', '2017-05-07 22:36:43.000');
INSERT INTO `act_hi_varinst` VALUES ('2524', '2521', '2521', null, 'jobCode', 'integer', '0', null, null, '8', '8', null, '2017-05-07 22:36:43.000', '2017-05-07 22:36:43.000');
INSERT INTO `act_hi_varinst` VALUES ('2529', '2521', '2521', null, 'leaveId', 'long', '0', null, null, '2', '2', null, '2017-05-07 22:36:43.000', '2017-05-07 22:36:43.000');

-- ----------------------------
-- Table structure for act_id_group
-- ----------------------------
DROP TABLE IF EXISTS `act_id_group`;
CREATE TABLE `act_id_group` (
  `ID_` varchar(64) COLLATE utf8_bin NOT NULL DEFAULT '',
  `REV_` int(11) DEFAULT NULL,
  `NAME_` varchar(255) COLLATE utf8_bin DEFAULT NULL,
  `TYPE_` varchar(255) COLLATE utf8_bin DEFAULT NULL,
  PRIMARY KEY (`ID_`)
) ENGINE=InnoDB DEFAULT CHARSET=utf8 COLLATE=utf8_bin;

-- ----------------------------
-- Records of act_id_group
-- ----------------------------

-- ----------------------------
-- Table structure for act_id_info
-- ----------------------------
DROP TABLE IF EXISTS `act_id_info`;
CREATE TABLE `act_id_info` (
  `ID_` varchar(64) COLLATE utf8_bin NOT NULL DEFAULT '',
  `REV_` int(11) DEFAULT NULL,
  `USER_ID_` varchar(64) COLLATE utf8_bin DEFAULT NULL,
  `TYPE_` varchar(64) COLLATE utf8_bin DEFAULT NULL,
  `KEY_` varchar(255) COLLATE utf8_bin DEFAULT NULL,
  `VALUE_` varchar(255) COLLATE utf8_bin DEFAULT NULL,
  `PASSWORD_` longblob,
  `PARENT_ID_` varchar(255) COLLATE utf8_bin DEFAULT NULL,
  PRIMARY KEY (`ID_`)
) ENGINE=InnoDB DEFAULT CHARSET=utf8 COLLATE=utf8_bin;

-- ----------------------------
-- Records of act_id_info
-- ----------------------------

-- ----------------------------
-- Table structure for act_id_membership
-- ----------------------------
DROP TABLE IF EXISTS `act_id_membership`;
CREATE TABLE `act_id_membership` (
  `USER_ID_` varchar(64) COLLATE utf8_bin NOT NULL DEFAULT '',
  `GROUP_ID_` varchar(64) COLLATE utf8_bin NOT NULL DEFAULT '',
  PRIMARY KEY (`USER_ID_`,`GROUP_ID_`),
  KEY `ACT_FK_MEMB_GROUP` (`GROUP_ID_`),
  CONSTRAINT `ACT_FK_MEMB_GROUP` FOREIGN KEY (`GROUP_ID_`) REFERENCES `act_id_group` (`ID_`),
  CONSTRAINT `ACT_FK_MEMB_USER` FOREIGN KEY (`USER_ID_`) REFERENCES `act_id_user` (`ID_`)
) ENGINE=InnoDB DEFAULT CHARSET=utf8 COLLATE=utf8_bin;

-- ----------------------------
-- Records of act_id_membership
-- ----------------------------

-- ----------------------------
-- Table structure for act_id_user
-- ----------------------------
DROP TABLE IF EXISTS `act_id_user`;
CREATE TABLE `act_id_user` (
  `ID_` varchar(64) COLLATE utf8_bin NOT NULL DEFAULT '',
  `REV_` int(11) DEFAULT NULL,
  `FIRST_` varchar(255) COLLATE utf8_bin DEFAULT NULL,
  `LAST_` varchar(255) COLLATE utf8_bin DEFAULT NULL,
  `EMAIL_` varchar(255) COLLATE utf8_bin DEFAULT NULL,
  `PWD_` varchar(255) COLLATE utf8_bin DEFAULT NULL,
  `PICTURE_ID_` varchar(64) COLLATE utf8_bin DEFAULT NULL,
  PRIMARY KEY (`ID_`)
) ENGINE=InnoDB DEFAULT CHARSET=utf8 COLLATE=utf8_bin;

-- ----------------------------
-- Records of act_id_user
-- ----------------------------

-- ----------------------------
-- Table structure for act_re_deployment
-- ----------------------------
DROP TABLE IF EXISTS `act_re_deployment`;
CREATE TABLE `act_re_deployment` (
  `ID_` varchar(64) COLLATE utf8_bin NOT NULL DEFAULT '',
  `NAME_` varchar(255) COLLATE utf8_bin DEFAULT NULL,
  `CATEGORY_` varchar(255) COLLATE utf8_bin DEFAULT NULL,
  `TENANT_ID_` varchar(255) COLLATE utf8_bin DEFAULT '',
  `DEPLOY_TIME_` timestamp(3) NOT NULL DEFAULT CURRENT_TIMESTAMP(3) ON UPDATE CURRENT_TIMESTAMP(3),
  PRIMARY KEY (`ID_`)
) ENGINE=InnoDB DEFAULT CHARSET=utf8 COLLATE=utf8_bin;

-- ----------------------------
-- Records of act_re_deployment
-- ----------------------------
INSERT INTO `act_re_deployment` VALUES ('1', 'leave', 'leave', '', '2017-05-07 21:48:07.000');

-- ----------------------------
-- Table structure for act_re_model
-- ----------------------------
DROP TABLE IF EXISTS `act_re_model`;
CREATE TABLE `act_re_model` (
  `ID_` varchar(64) COLLATE utf8_bin NOT NULL,
  `REV_` int(11) DEFAULT NULL,
  `NAME_` varchar(255) COLLATE utf8_bin DEFAULT NULL,
  `KEY_` varchar(255) COLLATE utf8_bin DEFAULT NULL,
  `CATEGORY_` varchar(255) COLLATE utf8_bin DEFAULT NULL,
  `CREATE_TIME_` timestamp(3) NULL DEFAULT NULL,
  `LAST_UPDATE_TIME_` timestamp(3) NULL DEFAULT NULL,
  `VERSION_` int(11) DEFAULT NULL,
  `META_INFO_` varchar(4000) COLLATE utf8_bin DEFAULT NULL,
  `DEPLOYMENT_ID_` varchar(64) COLLATE utf8_bin DEFAULT NULL,
  `EDITOR_SOURCE_VALUE_ID_` varchar(64) COLLATE utf8_bin DEFAULT NULL,
  `EDITOR_SOURCE_EXTRA_VALUE_ID_` varchar(64) COLLATE utf8_bin DEFAULT NULL,
  `TENANT_ID_` varchar(255) COLLATE utf8_bin DEFAULT '',
  PRIMARY KEY (`ID_`),
  KEY `ACT_FK_MODEL_SOURCE` (`EDITOR_SOURCE_VALUE_ID_`),
  KEY `ACT_FK_MODEL_SOURCE_EXTRA` (`EDITOR_SOURCE_EXTRA_VALUE_ID_`),
  KEY `ACT_FK_MODEL_DEPLOYMENT` (`DEPLOYMENT_ID_`),
  CONSTRAINT `ACT_FK_MODEL_DEPLOYMENT` FOREIGN KEY (`DEPLOYMENT_ID_`) REFERENCES `act_re_deployment` (`ID_`),
  CONSTRAINT `ACT_FK_MODEL_SOURCE` FOREIGN KEY (`EDITOR_SOURCE_VALUE_ID_`) REFERENCES `act_ge_bytearray` (`ID_`),
  CONSTRAINT `ACT_FK_MODEL_SOURCE_EXTRA` FOREIGN KEY (`EDITOR_SOURCE_EXTRA_VALUE_ID_`) REFERENCES `act_ge_bytearray` (`ID_`)
) ENGINE=InnoDB DEFAULT CHARSET=utf8 COLLATE=utf8_bin;

-- ----------------------------
-- Records of act_re_model
-- ----------------------------

-- ----------------------------
-- Table structure for act_re_procdef
-- ----------------------------
DROP TABLE IF EXISTS `act_re_procdef`;
CREATE TABLE `act_re_procdef` (
  `ID_` varchar(64) COLLATE utf8_bin NOT NULL,
  `REV_` int(11) DEFAULT NULL,
  `CATEGORY_` varchar(255) COLLATE utf8_bin DEFAULT NULL,
  `NAME_` varchar(255) COLLATE utf8_bin DEFAULT NULL,
  `KEY_` varchar(255) COLLATE utf8_bin NOT NULL,
  `VERSION_` int(11) NOT NULL,
  `DEPLOYMENT_ID_` varchar(64) COLLATE utf8_bin DEFAULT NULL,
  `RESOURCE_NAME_` varchar(4000) COLLATE utf8_bin DEFAULT NULL,
  `DGRM_RESOURCE_NAME_` varchar(4000) COLLATE utf8_bin DEFAULT NULL,
  `DESCRIPTION_` varchar(4000) COLLATE utf8_bin DEFAULT NULL,
  `HAS_START_FORM_KEY_` tinyint(4) DEFAULT NULL,
  `HAS_GRAPHICAL_NOTATION_` tinyint(4) DEFAULT NULL,
  `SUSPENSION_STATE_` int(11) DEFAULT NULL,
  `TENANT_ID_` varchar(255) COLLATE utf8_bin DEFAULT '',
  PRIMARY KEY (`ID_`),
  UNIQUE KEY `ACT_UNIQ_PROCDEF` (`KEY_`,`VERSION_`,`TENANT_ID_`)
) ENGINE=InnoDB DEFAULT CHARSET=utf8 COLLATE=utf8_bin;

-- ----------------------------
-- Records of act_re_procdef
-- ----------------------------
INSERT INTO `act_re_procdef` VALUES ('LeaveProcess:1:4', '1', 'http://www.it.com/leave', '', 'LeaveProcess', '1', '1', 'LeaveProcess.bpmn', 'LeaveProcess.LeaveProcess.png', null, '0', '1', '1', '');

-- ----------------------------
-- Table structure for act_ru_event_subscr
-- ----------------------------
DROP TABLE IF EXISTS `act_ru_event_subscr`;
CREATE TABLE `act_ru_event_subscr` (
  `ID_` varchar(64) COLLATE utf8_bin NOT NULL,
  `REV_` int(11) DEFAULT NULL,
  `EVENT_TYPE_` varchar(255) COLLATE utf8_bin NOT NULL,
  `EVENT_NAME_` varchar(255) COLLATE utf8_bin DEFAULT NULL,
  `EXECUTION_ID_` varchar(64) COLLATE utf8_bin DEFAULT NULL,
  `PROC_INST_ID_` varchar(64) COLLATE utf8_bin DEFAULT NULL,
  `ACTIVITY_ID_` varchar(64) COLLATE utf8_bin DEFAULT NULL,
  `CONFIGURATION_` varchar(255) COLLATE utf8_bin DEFAULT NULL,
  `CREATED_` timestamp(3) NOT NULL DEFAULT CURRENT_TIMESTAMP(3),
  `PROC_DEF_ID_` varchar(64) COLLATE utf8_bin DEFAULT NULL,
  `TENANT_ID_` varchar(255) COLLATE utf8_bin DEFAULT '',
  PRIMARY KEY (`ID_`),
  KEY `ACT_IDX_EVENT_SUBSCR_CONFIG_` (`CONFIGURATION_`),
  KEY `ACT_FK_EVENT_EXEC` (`EXECUTION_ID_`),
  CONSTRAINT `ACT_FK_EVENT_EXEC` FOREIGN KEY (`EXECUTION_ID_`) REFERENCES `act_ru_execution` (`ID_`)
) ENGINE=InnoDB DEFAULT CHARSET=utf8 COLLATE=utf8_bin;

-- ----------------------------
-- Records of act_ru_event_subscr
-- ----------------------------

-- ----------------------------
-- Table structure for act_ru_execution
-- ----------------------------
DROP TABLE IF EXISTS `act_ru_execution`;
CREATE TABLE `act_ru_execution` (
  `ID_` varchar(64) COLLATE utf8_bin NOT NULL DEFAULT '',
  `REV_` int(11) DEFAULT NULL,
  `PROC_INST_ID_` varchar(64) COLLATE utf8_bin DEFAULT NULL,
  `BUSINESS_KEY_` varchar(255) COLLATE utf8_bin DEFAULT NULL,
  `PARENT_ID_` varchar(64) COLLATE utf8_bin DEFAULT NULL,
  `PROC_DEF_ID_` varchar(64) COLLATE utf8_bin DEFAULT NULL,
  `SUPER_EXEC_` varchar(64) COLLATE utf8_bin DEFAULT NULL,
  `ACT_ID_` varchar(255) COLLATE utf8_bin DEFAULT NULL,
  `IS_ACTIVE_` tinyint(4) DEFAULT NULL,
  `IS_CONCURRENT_` tinyint(4) DEFAULT NULL,
  `IS_SCOPE_` tinyint(4) DEFAULT NULL,
  `IS_EVENT_SCOPE_` tinyint(4) DEFAULT NULL,
  `SUSPENSION_STATE_` int(11) DEFAULT NULL,
  `CACHED_ENT_STATE_` int(11) DEFAULT NULL,
  `TENANT_ID_` varchar(255) COLLATE utf8_bin DEFAULT '',
  `NAME_` varchar(255) COLLATE utf8_bin DEFAULT NULL,
  `LOCK_TIME_` timestamp(3) NULL DEFAULT NULL,
  PRIMARY KEY (`ID_`),
  KEY `ACT_IDX_EXEC_BUSKEY` (`BUSINESS_KEY_`),
  KEY `ACT_FK_EXE_PROCINST` (`PROC_INST_ID_`),
  KEY `ACT_FK_EXE_PARENT` (`PARENT_ID_`),
  KEY `ACT_FK_EXE_SUPER` (`SUPER_EXEC_`),
  KEY `ACT_FK_EXE_PROCDEF` (`PROC_DEF_ID_`),
  CONSTRAINT `ACT_FK_EXE_PARENT` FOREIGN KEY (`PARENT_ID_`) REFERENCES `act_ru_execution` (`ID_`),
  CONSTRAINT `ACT_FK_EXE_PROCDEF` FOREIGN KEY (`PROC_DEF_ID_`) REFERENCES `act_re_procdef` (`ID_`),
  CONSTRAINT `ACT_FK_EXE_PROCINST` FOREIGN KEY (`PROC_INST_ID_`) REFERENCES `act_ru_execution` (`ID_`) ON DELETE CASCADE ON UPDATE CASCADE,
  CONSTRAINT `ACT_FK_EXE_SUPER` FOREIGN KEY (`SUPER_EXEC_`) REFERENCES `act_ru_execution` (`ID_`)
) ENGINE=InnoDB DEFAULT CHARSET=utf8 COLLATE=utf8_bin;

-- ----------------------------
-- Records of act_ru_execution
-- ----------------------------
INSERT INTO `act_ru_execution` VALUES ('2501', '4', '2501', null, null, 'LeaveProcess:1:4', null, 'usertask3', '1', '0', '1', '0', '1', '2', '', null, null);
INSERT INTO `act_ru_execution` VALUES ('2521', '2', '2521', null, null, 'LeaveProcess:1:4', null, 'usertask3', '1', '0', '1', '0', '1', '2', '', null, null);

-- ----------------------------
-- Table structure for act_ru_identitylink
-- ----------------------------
DROP TABLE IF EXISTS `act_ru_identitylink`;
CREATE TABLE `act_ru_identitylink` (
  `ID_` varchar(64) COLLATE utf8_bin NOT NULL DEFAULT '',
  `REV_` int(11) DEFAULT NULL,
  `GROUP_ID_` varchar(255) COLLATE utf8_bin DEFAULT NULL,
  `TYPE_` varchar(255) COLLATE utf8_bin DEFAULT NULL,
  `USER_ID_` varchar(255) COLLATE utf8_bin DEFAULT NULL,
  `TASK_ID_` varchar(64) COLLATE utf8_bin DEFAULT NULL,
  `PROC_INST_ID_` varchar(64) COLLATE utf8_bin DEFAULT NULL,
  `PROC_DEF_ID_` varchar(64) COLLATE utf8_bin DEFAULT NULL,
  PRIMARY KEY (`ID_`),
  KEY `ACT_IDX_IDENT_LNK_USER` (`USER_ID_`),
  KEY `ACT_IDX_IDENT_LNK_GROUP` (`GROUP_ID_`),
  KEY `ACT_IDX_ATHRZ_PROCEDEF` (`PROC_DEF_ID_`),
  KEY `ACT_FK_TSKASS_TASK` (`TASK_ID_`),
  KEY `ACT_FK_IDL_PROCINST` (`PROC_INST_ID_`),
  CONSTRAINT `ACT_FK_ATHRZ_PROCEDEF` FOREIGN KEY (`PROC_DEF_ID_`) REFERENCES `act_re_procdef` (`ID_`),
  CONSTRAINT `ACT_FK_IDL_PROCINST` FOREIGN KEY (`PROC_INST_ID_`) REFERENCES `act_ru_execution` (`ID_`),
  CONSTRAINT `ACT_FK_TSKASS_TASK` FOREIGN KEY (`TASK_ID_`) REFERENCES `act_ru_task` (`ID_`)
) ENGINE=InnoDB DEFAULT CHARSET=utf8 COLLATE=utf8_bin;

-- ----------------------------
-- Records of act_ru_identitylink
-- ----------------------------
INSERT INTO `act_ru_identitylink` VALUES ('2510', '1', null, 'participant', 'limin', null, '2501', null);
INSERT INTO `act_ru_identitylink` VALUES ('2516', '1', null, 'participant', 'zhangbo', null, '2501', null);
INSERT INTO `act_ru_identitylink` VALUES ('2520', '1', '0009', 'candidate', null, '2519', null, null);
INSERT INTO `act_ru_identitylink` VALUES ('2528', '1', '0009', 'candidate', null, '2527', null, null);
INSERT INTO `act_ru_identitylink` VALUES ('2530', '1', null, 'participant', 'lixiaohu', null, '2501', null);
INSERT INTO `act_ru_identitylink` VALUES ('2531', '1', null, 'participant', 'lixiaohu', null, '2521', null);

-- ----------------------------
-- Table structure for act_ru_job
-- ----------------------------
DROP TABLE IF EXISTS `act_ru_job`;
CREATE TABLE `act_ru_job` (
  `ID_` varchar(64) COLLATE utf8_bin NOT NULL,
  `REV_` int(11) DEFAULT NULL,
  `TYPE_` varchar(255) COLLATE utf8_bin NOT NULL,
  `LOCK_EXP_TIME_` timestamp(3) NULL DEFAULT NULL,
  `LOCK_OWNER_` varchar(255) COLLATE utf8_bin DEFAULT NULL,
  `EXCLUSIVE_` tinyint(1) DEFAULT NULL,
  `EXECUTION_ID_` varchar(64) COLLATE utf8_bin DEFAULT NULL,
  `PROCESS_INSTANCE_ID_` varchar(64) COLLATE utf8_bin DEFAULT NULL,
  `PROC_DEF_ID_` varchar(64) COLLATE utf8_bin DEFAULT NULL,
  `RETRIES_` int(11) DEFAULT NULL,
  `EXCEPTION_STACK_ID_` varchar(64) COLLATE utf8_bin DEFAULT NULL,
  `EXCEPTION_MSG_` varchar(4000) COLLATE utf8_bin DEFAULT NULL,
  `DUEDATE_` timestamp(3) NULL DEFAULT NULL,
  `REPEAT_` varchar(255) COLLATE utf8_bin DEFAULT NULL,
  `HANDLER_TYPE_` varchar(255) COLLATE utf8_bin DEFAULT NULL,
  `HANDLER_CFG_` varchar(4000) COLLATE utf8_bin DEFAULT NULL,
  `TENANT_ID_` varchar(255) COLLATE utf8_bin DEFAULT '',
  PRIMARY KEY (`ID_`),
  KEY `ACT_FK_JOB_EXCEPTION` (`EXCEPTION_STACK_ID_`),
  CONSTRAINT `ACT_FK_JOB_EXCEPTION` FOREIGN KEY (`EXCEPTION_STACK_ID_`) REFERENCES `act_ge_bytearray` (`ID_`)
) ENGINE=InnoDB DEFAULT CHARSET=utf8 COLLATE=utf8_bin;

-- ----------------------------
-- Records of act_ru_job
-- ----------------------------

-- ----------------------------
-- Table structure for act_ru_task
-- ----------------------------
DROP TABLE IF EXISTS `act_ru_task`;
CREATE TABLE `act_ru_task` (
  `ID_` varchar(64) COLLATE utf8_bin NOT NULL DEFAULT '',
  `REV_` int(11) DEFAULT NULL,
  `EXECUTION_ID_` varchar(64) COLLATE utf8_bin DEFAULT NULL,
  `PROC_INST_ID_` varchar(64) COLLATE utf8_bin DEFAULT NULL,
  `PROC_DEF_ID_` varchar(64) COLLATE utf8_bin DEFAULT NULL,
  `NAME_` varchar(255) COLLATE utf8_bin DEFAULT NULL,
  `PARENT_TASK_ID_` varchar(64) COLLATE utf8_bin DEFAULT NULL,
  `DESCRIPTION_` varchar(4000) COLLATE utf8_bin DEFAULT NULL,
  `TASK_DEF_KEY_` varchar(255) COLLATE utf8_bin DEFAULT NULL,
  `OWNER_` varchar(255) COLLATE utf8_bin DEFAULT NULL,
  `ASSIGNEE_` varchar(255) COLLATE utf8_bin DEFAULT NULL,
  `DELEGATION_` varchar(64) COLLATE utf8_bin DEFAULT NULL,
  `PRIORITY_` int(11) DEFAULT NULL,
  `CREATE_TIME_` timestamp(3) NOT NULL DEFAULT CURRENT_TIMESTAMP(3) ON UPDATE CURRENT_TIMESTAMP(3),
  `DUE_DATE_` datetime(3) DEFAULT NULL,
  `CATEGORY_` varchar(255) COLLATE utf8_bin DEFAULT NULL,
  `SUSPENSION_STATE_` int(11) DEFAULT NULL,
  `TENANT_ID_` varchar(255) COLLATE utf8_bin DEFAULT '',
  `FORM_KEY_` varchar(255) COLLATE utf8_bin DEFAULT NULL,
  PRIMARY KEY (`ID_`),
  KEY `ACT_IDX_TASK_CREATE` (`CREATE_TIME_`),
  KEY `ACT_FK_TASK_EXE` (`EXECUTION_ID_`),
  KEY `ACT_FK_TASK_PROCINST` (`PROC_INST_ID_`),
  KEY `ACT_FK_TASK_PROCDEF` (`PROC_DEF_ID_`),
  CONSTRAINT `ACT_FK_TASK_EXE` FOREIGN KEY (`EXECUTION_ID_`) REFERENCES `act_ru_execution` (`ID_`),
  CONSTRAINT `ACT_FK_TASK_PROCDEF` FOREIGN KEY (`PROC_DEF_ID_`) REFERENCES `act_re_procdef` (`ID_`),
  CONSTRAINT `ACT_FK_TASK_PROCINST` FOREIGN KEY (`PROC_INST_ID_`) REFERENCES `act_ru_execution` (`ID_`)
) ENGINE=InnoDB DEFAULT CHARSET=utf8 COLLATE=utf8_bin;

-- ----------------------------
-- Records of act_ru_task
-- ----------------------------
INSERT INTO `act_ru_task` VALUES ('2519', '2', '2501', '2501', 'LeaveProcess:1:4', '', null, null, 'usertask3', null, 'lixiaohu', null, '50', '2017-05-07 22:33:35.000', null, null, '1', '', null);
INSERT INTO `act_ru_task` VALUES ('2527', '2', '2521', '2521', 'LeaveProcess:1:4', '', null, null, 'usertask3', null, 'lixiaohu', null, '50', '2017-05-07 22:36:43.000', null, null, '1', '', null);

-- ----------------------------
-- Table structure for act_ru_variable
-- ----------------------------
DROP TABLE IF EXISTS `act_ru_variable`;
CREATE TABLE `act_ru_variable` (
  `ID_` varchar(64) COLLATE utf8_bin NOT NULL,
  `REV_` int(11) DEFAULT NULL,
  `TYPE_` varchar(255) COLLATE utf8_bin NOT NULL,
  `NAME_` varchar(255) COLLATE utf8_bin NOT NULL,
  `EXECUTION_ID_` varchar(64) COLLATE utf8_bin DEFAULT NULL,
  `PROC_INST_ID_` varchar(64) COLLATE utf8_bin DEFAULT NULL,
  `TASK_ID_` varchar(64) COLLATE utf8_bin DEFAULT NULL,
  `BYTEARRAY_ID_` varchar(64) COLLATE utf8_bin DEFAULT NULL,
  `DOUBLE_` double DEFAULT NULL,
  `LONG_` bigint(20) DEFAULT NULL,
  `TEXT_` varchar(4000) COLLATE utf8_bin DEFAULT NULL,
  `TEXT2_` varchar(4000) COLLATE utf8_bin DEFAULT NULL,
  PRIMARY KEY (`ID_`),
  KEY `ACT_IDX_VARIABLE_TASK_ID` (`TASK_ID_`),
  KEY `ACT_FK_VAR_EXE` (`EXECUTION_ID_`),
  KEY `ACT_FK_VAR_PROCINST` (`PROC_INST_ID_`),
  KEY `ACT_FK_VAR_BYTEARRAY` (`BYTEARRAY_ID_`),
  CONSTRAINT `ACT_FK_VAR_BYTEARRAY` FOREIGN KEY (`BYTEARRAY_ID_`) REFERENCES `act_ge_bytearray` (`ID_`),
  CONSTRAINT `ACT_FK_VAR_EXE` FOREIGN KEY (`EXECUTION_ID_`) REFERENCES `act_ru_execution` (`ID_`),
  CONSTRAINT `ACT_FK_VAR_PROCINST` FOREIGN KEY (`PROC_INST_ID_`) REFERENCES `act_ru_execution` (`ID_`)
) ENGINE=InnoDB DEFAULT CHARSET=utf8 COLLATE=utf8_bin;

-- ----------------------------
-- Records of act_ru_variable
-- ----------------------------
INSERT INTO `act_ru_variable` VALUES ('2503', '1', 'long', 'deptId', '2501', '2501', null, null, null, '1', '1', null);
INSERT INTO `act_ru_variable` VALUES ('2504', '1', 'integer', 'jobCode', '2501', '2501', null, null, null, '5', '5', null);
INSERT INTO `act_ru_variable` VALUES ('2509', '1', 'long', 'leaveId', '2501', '2501', null, null, null, '1', '1', null);
INSERT INTO `act_ru_variable` VALUES ('2511', '1', 'short', 'status', '2501', '2501', null, null, null, '1', '1', null);
INSERT INTO `act_ru_variable` VALUES ('2523', '1', 'long', 'deptId', '2521', '2521', null, null, null, '1', '1', null);
INSERT INTO `act_ru_variable` VALUES ('2524', '1', 'integer', 'jobCode', '2521', '2521', null, null, null, '8', '8', null);
INSERT INTO `act_ru_variable` VALUES ('2529', '1', 'long', 'leaveId', '2521', '2521', null, null, null, '2', '2', null);

-- ----------------------------
-- Table structure for oa_ab_constact
-- ----------------------------
DROP TABLE IF EXISTS `oa_ab_constact`;
CREATE TABLE `oa_ab_constact` (
  `ID` bigint(20) NOT NULL AUTO_INCREMENT,
  `BIRTHDAY` datetime DEFAULT NULL,
  `EMAIL` varchar(50) DEFAULT NULL,
  `NAME` varchar(50) DEFAULT NULL,
  `PHONE` varchar(50) DEFAULT NULL,
  `QQ_NUM` varchar(50) DEFAULT NULL,
  `SEX` smallint(6) DEFAULT NULL,
  `GROUP_ID` bigint(20) DEFAULT NULL,
  PRIMARY KEY (`ID`),
  KEY `FK_8q712ppcx5f6tc6wnya7r9eb6` (`GROUP_ID`),
  CONSTRAINT `FK_8q712ppcx5f6tc6wnya7r9eb6` FOREIGN KEY (`GROUP_ID`) REFERENCES `oa_ab_group` (`ID`)
) ENGINE=InnoDB AUTO_INCREMENT=3 DEFAULT CHARSET=utf8;

-- ----------------------------
-- Records of oa_ab_constact
-- ----------------------------
INSERT INTO `oa_ab_constact` VALUES ('1', '1995-12-22 00:00:00', 'dddd@foxmail.com', '1', '13203153011', '5555555', '1', '1');
INSERT INTO `oa_ab_constact` VALUES ('2', '1996-01-01 00:00:00', '45415@qq.com', '1', '13203153000', '54654654', '1', '1');

-- ----------------------------
-- Table structure for oa_ab_group
-- ----------------------------
DROP TABLE IF EXISTS `oa_ab_group`;
CREATE TABLE `oa_ab_group` (
  `ID` bigint(20) NOT NULL AUTO_INCREMENT,
  `NAME` varchar(50) DEFAULT NULL,
  `REMARK` varchar(500) DEFAULT NULL,
  PRIMARY KEY (`ID`)
) ENGINE=InnoDB AUTO_INCREMENT=6 DEFAULT CHARSET=utf8;

-- ----------------------------
-- Records of oa_ab_group
-- ----------------------------
INSERT INTO `oa_ab_group` VALUES ('1', '', '');
INSERT INTO `oa_ab_group` VALUES ('2', '', '');
INSERT INTO `oa_ab_group` VALUES ('3', '', '');
INSERT INTO `oa_ab_group` VALUES ('4', '', '');
INSERT INTO `oa_ab_group` VALUES ('5', '', '');

-- ----------------------------
-- Table structure for oa_id_dept
-- ----------------------------
DROP TABLE IF EXISTS `oa_id_dept`;
CREATE TABLE `oa_id_dept` (
  `ID` bigint(20) NOT NULL AUTO_INCREMENT,
  `CREATE_DATE` datetime DEFAULT NULL,
  `MODIFY_DATE` datetime DEFAULT NULL,
  `NAME` varchar(50) DEFAULT NULL,
  `REMARK` varchar(500) DEFAULT NULL,
  `CREATER` varchar(50) DEFAULT NULL,
  `MODIFIER` varchar(50) DEFAULT NULL,
  PRIMARY KEY (`ID`),
  KEY `FK_15phweppreb7fxlb6e0s16w39` (`CREATER`),
  KEY `FK_opjg9c34dow4gc5ul6a5rtb3p` (`MODIFIER`),
  CONSTRAINT `FK_15phweppreb7fxlb6e0s16w39` FOREIGN KEY (`CREATER`) REFERENCES `oa_id_user` (`USER_ID`),
  CONSTRAINT `FK_opjg9c34dow4gc5ul6a5rtb3p` FOREIGN KEY (`MODIFIER`) REFERENCES `oa_id_user` (`USER_ID`)
) ENGINE=InnoDB AUTO_INCREMENT=6 DEFAULT CHARSET=utf8;

-- ----------------------------
-- Records of oa_id_dept
-- ----------------------------
INSERT INTO `oa_id_dept` VALUES ('1', '2016-03-19 09:54:01', '2016-03-19 09:54:01', '', '', 'admin', 'admin');
INSERT INTO `oa_id_dept` VALUES ('2', '2016-03-19 09:54:01', '2016-03-19 09:54:01', '', '', 'admin', 'admin');
INSERT INTO `oa_id_dept` VALUES ('3', '2016-03-19 09:54:01', '2016-03-19 09:54:01', '', '', 'admin', 'admin');
INSERT INTO `oa_id_dept` VALUES ('4', '2016-03-19 09:54:01', '2016-03-19 09:54:01', '', '', 'admin', 'admin');
INSERT INTO `oa_id_dept` VALUES ('5', '2016-03-19 09:54:01', '2016-03-19 09:54:01', '', '', 'admin', 'admin');

-- ----------------------------
-- Table structure for oa_id_employee
-- ----------------------------
DROP TABLE IF EXISTS `oa_id_employee`;
CREATE TABLE `oa_id_employee` (
  `EMPLOYEE_ID` bigint(20) NOT NULL AUTO_INCREMENT,
  `ADDRESS` varchar(80) DEFAULT NULL,
  `EMAIL` varchar(50) DEFAULT NULL,
  `IDCARD` varchar(20) DEFAULT NULL,
  `IDENTITY` varchar(50) DEFAULT NULL,
  `JOINDATE` datetime DEFAULT NULL,
  `NAME` varchar(50) DEFAULT NULL,
  `PHONE` varchar(50) DEFAULT NULL,
  `SEX` smallint(6) DEFAULT NULL,
  `STATUS` smallint(6) DEFAULT NULL,
  `DEPT_ID` bigint(20) DEFAULT NULL,
  `JOB_CODE` varchar(100) DEFAULT NULL,
  `CREATEDATE` datetime DEFAULT NULL,
  PRIMARY KEY (`EMPLOYEE_ID`)
) ENGINE=InnoDB AUTO_INCREMENT=8 DEFAULT CHARSET=utf8;

-- ----------------------------
-- Records of oa_id_employee
-- ----------------------------
INSERT INTO `oa_id_employee` VALUES ('1', '', 'liaop@foxmail.com', '430221199502075314', '', '2017-05-10 18:47:29', '', '15580357357', '2', '0', '1', '0001', null);
INSERT INTO `oa_id_employee` VALUES ('2', '', 'liuxueyong@foxmail.com', '430224199601045306', '', '2017-05-10 18:48:24', '', '13203222565', '1', '0', '1', '0001', null);
INSERT INTO `oa_id_employee` VALUES ('3', '', 'moleef@foxmail.com', '430221199502075314', '', '2017-05-10 18:49:03', '', '13203153045', '1', '0', '1', '0001', null);
INSERT INTO `oa_id_employee` VALUES ('7', '', 'zls@foxmail.com', '430556199702065231', '', '2017-05-24 21:45:58', '', '16598745612', '1', '0', '1', '0001', '2017-05-09 21:46:03');

-- ----------------------------
-- Table structure for oa_id_job
-- ----------------------------
DROP TABLE IF EXISTS `oa_id_job`;
CREATE TABLE `oa_id_job` (
  `CODE` varchar(100) NOT NULL,
  `NAME` varchar(50) DEFAULT NULL,
  `REMARK` varchar(300) DEFAULT NULL,
  PRIMARY KEY (`CODE`)
) ENGINE=InnoDB DEFAULT CHARSET=utf8;

-- ----------------------------
-- Records of oa_id_job
-- ----------------------------
INSERT INTO `oa_id_job` VALUES ('0001', '', null);
INSERT INTO `oa_id_job` VALUES ('0002', 'Java', null);
INSERT INTO `oa_id_job` VALUES ('0003', 'Java', null);
INSERT INTO `oa_id_job` VALUES ('0004', 'Java', null);
INSERT INTO `oa_id_job` VALUES ('0005', '', null);
INSERT INTO `oa_id_job` VALUES ('0006', '', null);
INSERT INTO `oa_id_job` VALUES ('0007', '', null);
INSERT INTO `oa_id_job` VALUES ('0008', '', null);
INSERT INTO `oa_id_job` VALUES ('0009', '', null);

-- ----------------------------
-- Table structure for oa_id_module
-- ----------------------------
DROP TABLE IF EXISTS `oa_id_module`;
CREATE TABLE `oa_id_module` (
  `CODE` varchar(100) NOT NULL,
  `CREATE_DATE` datetime DEFAULT NULL,
  `MODIFY_DATE` datetime DEFAULT NULL,
  `NAME` varchar(50) DEFAULT NULL,
  `REMARK` varchar(500) DEFAULT NULL,
  `URL` varchar(100) DEFAULT NULL,
  `CREATER` varchar(50) DEFAULT NULL,
  `MODIFIER` varchar(50) DEFAULT NULL,
  PRIMARY KEY (`CODE`),
  KEY `FK_jlgsqs2yed9nslpl9olceqjwm` (`CREATER`),
  KEY `FK_aimn5dak8eia25gnlyisgtyto` (`MODIFIER`),
  CONSTRAINT `FK_aimn5dak8eia25gnlyisgtyto` FOREIGN KEY (`MODIFIER`) REFERENCES `oa_id_user` (`USER_ID`),
  CONSTRAINT `FK_jlgsqs2yed9nslpl9olceqjwm` FOREIGN KEY (`CREATER`) REFERENCES `oa_id_user` (`USER_ID`)
) ENGINE=InnoDB DEFAULT CHARSET=utf8;

-- ----------------------------
-- Records of oa_id_module
-- ----------------------------
INSERT INTO `oa_id_module` VALUES ('0001', '2016-03-19 09:53:58', '2016-03-19 09:53:58', '', '', '#', 'admin', 'admin');
INSERT INTO `oa_id_module` VALUES ('00010001', '2016-03-19 09:53:58', '2016-03-19 09:53:58', '----', '', '/admin/identity/selectUser.jspx', 'admin', 'admin');
INSERT INTO `oa_id_module` VALUES ('000100010001', '2016-03-19 09:53:58', '2016-03-19 09:53:58', '--------', '', '/admin/identity/selectUser.jspx', 'admin', 'admin');
INSERT INTO `oa_id_module` VALUES ('000100010002', '2016-03-19 09:53:58', '2016-03-19 13:42:08', '--------', '', '/admin/identity/addUser.jspx', 'admin', 'admin');
INSERT INTO `oa_id_module` VALUES ('000100010003', '2016-03-19 09:53:58', '2016-03-19 09:53:58', '--------', null, '/admin/identity/updateUser.jspx', 'admin', 'admin');
INSERT INTO `oa_id_module` VALUES ('000100010004', '2016-03-19 09:53:58', '2016-03-19 09:53:58', '--------', null, '/admin/identity/deleteUser.jspx', 'admin', 'admin');
INSERT INTO `oa_id_module` VALUES ('000100010005', '2016-03-19 09:53:58', '2016-03-19 09:53:58', '--------', '', '/admin/identity/checkUser.jspx', 'admin', 'admin');
INSERT INTO `oa_id_module` VALUES ('00010002', '2016-03-19 09:53:58', '2016-03-19 09:53:58', '----', null, '/admin/identity/selectRole.jspx', 'admin', 'admin');
INSERT INTO `oa_id_module` VALUES ('000100020001', '2016-03-19 09:53:58', '2016-03-19 09:53:58', '--------', null, '/admin/identity/selectRole.jspx', 'admin', 'admin');
INSERT INTO `oa_id_module` VALUES ('000100020002', '2016-03-19 09:53:58', '2016-03-19 09:53:58', '--------', null, '/admin/identity/addRole.jspx', 'admin', 'admin');
INSERT INTO `oa_id_module` VALUES ('000100020003', '2016-03-19 09:53:58', '2016-03-19 09:53:58', '--------', null, '/admin/identity/updateRole.jspx', 'admin', 'admin');
INSERT INTO `oa_id_module` VALUES ('000100020004', '2016-03-19 09:53:58', '2016-03-19 09:53:58', '--------', null, '/admin/identity/deleteRole.jspx', 'admin', 'admin');
INSERT INTO `oa_id_module` VALUES ('000100020005', '2016-03-19 09:53:58', '2016-03-19 09:53:58', '--------', null, '/admin/identity/selectRoleUser.jspx', 'admin', 'admin');
INSERT INTO `oa_id_module` VALUES ('000100020006', '2016-03-19 09:53:58', '2016-03-19 09:53:58', '--------', null, '/admin/identity/mgrPopedom.jspx', 'admin', 'admin');
INSERT INTO `oa_id_module` VALUES ('000100020007', '2016-03-19 09:53:58', '2016-03-19 09:53:58', '--------', null, '/admin/identity/bindUser.jspx', 'admin', 'admin');
INSERT INTO `oa_id_module` VALUES ('000100020008', '2016-03-19 09:53:58', '2016-03-19 09:53:58', '--------', null, '/admin/identity/unBindUser.jspx', 'admin', 'admin');
INSERT INTO `oa_id_module` VALUES ('000100020009', '2016-03-19 09:53:59', '2016-03-19 09:53:59', '--------', null, '/admin/identity/selectPopedom.jspx', 'admin', 'admin');
INSERT INTO `oa_id_module` VALUES ('000100020010', '2016-03-19 09:53:59', '2016-03-19 09:53:59', '--------', null, '/admin/identity/bindModule.jspx', 'admin', 'admin');
INSERT INTO `oa_id_module` VALUES ('00010003', '2016-03-19 09:53:59', '2016-03-19 09:53:59', '----', '', '/admin/identity/mgrModule.jspx', 'admin', 'admin');
INSERT INTO `oa_id_module` VALUES ('000100030001', '2016-03-19 09:53:59', '2016-03-19 12:09:37', '--------', '', '/admin/identity/mgrModule.jspx', 'admin', 'admin');
INSERT INTO `oa_id_module` VALUES ('000100030002', '2016-03-19 09:53:59', '2016-03-19 12:09:50', '--------', '', '/admin/identity/selectModule.jspx', 'admin', 'admin');
INSERT INTO `oa_id_module` VALUES ('000100030003', '2016-03-19 09:53:59', '2016-03-19 09:53:59', '--------', null, '/admin/identity/addModule.jspx', 'admin', 'admin');
INSERT INTO `oa_id_module` VALUES ('000100030004', '2016-03-19 09:53:59', '2016-03-19 09:53:59', '--------', null, '/admin/identity/updateModule.jspx', 'admin', 'admin');
INSERT INTO `oa_id_module` VALUES ('000100030005', '2016-03-19 09:53:59', null, '--------', '', '/admin/identity/deleteModule.jspx', 'admin', null);
INSERT INTO `oa_id_module` VALUES ('0002', '2012-04-07 13:45:51', '2016-03-19 10:09:50', '', '', '#', 'admin', 'admin');
INSERT INTO `oa_id_module` VALUES ('00020001', '2016-03-19 09:53:59', '2016-03-19 09:53:59', '----', '', '/admin/leave/mgrLeaveType.jspx', 'admin', 'admin');
INSERT INTO `oa_id_module` VALUES ('000200010001', '2016-03-19 09:53:59', null, '--------', '', '/admin/leave/selectLeaveType.jspx', 'admin', null);
INSERT INTO `oa_id_module` VALUES ('000200010002', '2016-03-19 09:53:59', '2016-03-19 09:53:59', '--------', '', '/admin/leave/addLeaveType.jspx', 'admin', 'admin');
INSERT INTO `oa_id_module` VALUES ('000200010003', '2016-03-19 09:53:59', null, '--------', '', '/admin/leave/updateLeaveType.jspx', 'admin', null);
INSERT INTO `oa_id_module` VALUES ('000200010004', '2016-03-19 09:53:59', null, '--------', '', '/admin/leave/deleteLeaveType.jspx', 'admin', null);
INSERT INTO `oa_id_module` VALUES ('000200010005', '2016-03-19 09:53:59', '2016-03-19 09:53:59', '--------', '', '/admin/leave/mgrLeaveType.jspx', 'admin', 'admin');
INSERT INTO `oa_id_module` VALUES ('00020002', '2016-03-19 09:53:59', null, '----', '', '/admin/leave/mgrLeaveItem.jspx', 'admin', null);
INSERT INTO `oa_id_module` VALUES ('000200020001', '2016-03-19 09:53:59', null, '--------', '', '/admin/leave/mgrLeaveItem.jspx', 'admin', null);
INSERT INTO `oa_id_module` VALUES ('000200020002', '2016-03-19 09:53:59', null, '--------', '', '/admin/leave/selectLeaveItem.jspx', 'admin', null);
INSERT INTO `oa_id_module` VALUES ('000200020006', '2016-03-19 09:53:59', null, '--------', '', '/admin/leave/checkLeaveItem.jspx', 'admin', null);
INSERT INTO `oa_id_module` VALUES ('00020003', '2016-03-19 09:53:59', '2016-03-19 09:53:59', '----', '', '/admin/leave/selectUserLeave.jspx', 'admin', 'admin');
INSERT INTO `oa_id_module` VALUES ('000200030001', '2016-03-19 09:53:59', null, '--------', '', '/admin/leave/selectUserLeave.jspx', 'admin', null);
INSERT INTO `oa_id_module` VALUES ('000200030002', '2016-03-19 09:53:59', null, '--------', '', '/admin/leave/addLeaveItem.jspx', 'admin', null);
INSERT INTO `oa_id_module` VALUES ('000200030003', '2016-03-19 09:53:59', null, '--------', '', '/admin/leave/updateUserLeave.jspx', 'admin', null);
INSERT INTO `oa_id_module` VALUES ('000200030004', '2016-03-19 09:54:00', null, '--------', '', '/admin/leave/deleteUserLeave.jspx', 'admin', null);
INSERT INTO `oa_id_module` VALUES ('000200030005', '2017-05-08 17:59:39', null, '--------', '', '/admin/leave/selectAuditResult.jspx', 'admin', null);
INSERT INTO `oa_id_module` VALUES ('00020004', '2016-03-19 09:54:00', '2016-03-19 09:54:00', '----', '', '/admin/leave/selectAuditLeave.jspx', 'admin', 'admin');
INSERT INTO `oa_id_module` VALUES ('000200040001', '2016-03-19 09:54:00', null, '--------', '', '/admin/leave/selectAuditLeave.jspx', 'admin', null);
INSERT INTO `oa_id_module` VALUES ('000200040002', '2016-03-19 09:54:00', null, '--------', '', '/admin/leave/audit.jspx', 'admin', null);
INSERT INTO `oa_id_module` VALUES ('0003', '2016-03-20 21:12:22', null, '', '', '#', 'admin', null);
INSERT INTO `oa_id_module` VALUES ('00030001', '2016-03-20 21:13:28', null, '----', '', '/admin/workflow/workflowDiagarm.jspx', 'admin', null);
INSERT INTO `oa_id_module` VALUES ('000300010001', '2016-03-20 21:19:38', null, '--------', '', '/admin/workflow/workflowDiagarm.jspx', 'admin', null);
INSERT INTO `oa_id_module` VALUES ('000300010002', '2016-03-20 21:20:07', null, '--------', '', '/admin/workflow/processDeploy.jspx', 'admin', null);
INSERT INTO `oa_id_module` VALUES ('00030002', '2016-03-20 21:52:58', '2016-03-20 21:53:38', '----', '', '/admin/workflow/selectDeployment.jspx', 'admin', 'admin');
INSERT INTO `oa_id_module` VALUES ('000300020001', '2016-03-20 21:54:06', null, '--------', '', '/admin/workflow/selectDeployment.jspx', 'admin', null);
INSERT INTO `oa_id_module` VALUES ('000300020002', '2016-03-20 21:54:39', null, '--------', '', '/admin/workflow/deleteDeployment.jspx', 'admin', null);
INSERT INTO `oa_id_module` VALUES ('0004', '2016-06-19 09:27:23', '2016-06-19 09:27:37', '', '', '#', 'admin', 'admin');
INSERT INTO `oa_id_module` VALUES ('00040001', '2016-06-19 09:29:47', '2016-06-19 09:32:27', '----', '', '/admin/addressbook/selectContactGroup.jspx', 'admin', 'admin');
INSERT INTO `oa_id_module` VALUES ('000400010001', '2016-06-19 09:32:14', '2016-06-19 09:33:49', '--------', '', '/admin/addressbook/selectContactGroup.jspx', 'admin', 'admin');
INSERT INTO `oa_id_module` VALUES ('000400010002', '2016-06-19 09:34:13', null, '--------', '', '/admin/addressbook/addContactGroup.jspx', 'admin', null);
INSERT INTO `oa_id_module` VALUES ('000400010003', '2016-06-19 09:34:45', null, '--------', '', '/admin/addressbook/updateContactGroup.jspx', 'admin', null);
INSERT INTO `oa_id_module` VALUES ('000400010004', '2016-06-19 09:35:22', null, '--------', '', '/admin/addressbook/deleteContactGroup.jspx', 'admin', null);
INSERT INTO `oa_id_module` VALUES ('00040002', '2016-06-19 09:30:53', '2016-06-19 09:32:40', '----', '', '/admin/addressbook/mgrContact.jspx', 'admin', 'admin');
INSERT INTO `oa_id_module` VALUES ('000400020001', '2016-06-19 09:36:02', null, '--------', '', '/admin/addressbook/mgrContact.jspx', 'admin', null);
INSERT INTO `oa_id_module` VALUES ('000400020002', '2016-06-19 09:36:31', null, '--------', '', '/admin/addressbook/selectContact.jspx', 'admin', null);
INSERT INTO `oa_id_module` VALUES ('000400020003', '2016-06-19 09:36:55', null, '--------', '', '/admin/addressbook/addContact.jspx', 'admin', null);
INSERT INTO `oa_id_module` VALUES ('000400020004', '2016-06-19 09:37:15', null, '--------', '', '/admin/addressbook/updateContact.jspx', 'admin', null);
INSERT INTO `oa_id_module` VALUES ('000400020005', '2016-06-19 09:37:38', null, '--------', '', '/admin/addressbook/deleteContact.jspx', 'admin', null);
INSERT INTO `oa_id_module` VALUES ('000400020006', '2016-06-19 09:38:42', '2016-06-19 09:39:46', '--------', '', '/admin/addressbook/exportContact.jspx', 'admin', 'admin');
INSERT INTO `oa_id_module` VALUES ('000400020007', '2016-06-19 09:39:24', null, '--------', '', '/admin/addressbook/importContact.jspx', 'admin', null);
INSERT INTO `oa_id_module` VALUES ('000400020008', '2017-05-04 22:01:09', null, '--------', '', '/admin/addressbook/contactLeft.jspx', 'admin', null);
INSERT INTO `oa_id_module` VALUES ('0005', '2017-05-09 09:51:41', null, '', '', '#', 'admin', null);
INSERT INTO `oa_id_module` VALUES ('00050001', '2017-05-09 09:53:21', null, '----', '', '/admin/employeeInfo/selectEmployee.jspx', 'admin', null);
INSERT INTO `oa_id_module` VALUES ('000500010001', '2017-05-09 09:54:55', '2017-05-09 17:34:30', '--------', '', '/admin/employeeInfo/selectEmployee.jspx', 'admin', 'admin');
INSERT INTO `oa_id_module` VALUES ('000500010002', '2017-05-09 17:34:07', null, '--------', '', '/admin/employeeInfo/addEmployee.jspx', 'admin', null);
INSERT INTO `oa_id_module` VALUES ('000500010003', '2017-05-09 20:51:34', '2017-05-09 20:54:23', '--------', '', '/admin/employeeInfo/updateEmployee.jspx', 'admin', 'admin');
INSERT INTO `oa_id_module` VALUES ('000500010004', '2017-05-09 21:26:21', null, '--------', '', '/admin/employeeInfo/deleteEmployee.jspx', 'admin', null);
INSERT INTO `oa_id_module` VALUES ('00050002', '2017-05-09 23:17:11', '2017-05-09 23:22:50', '----', '', '/admin/employeeInfo/selectJob.jspx', 'admin', 'admin');
INSERT INTO `oa_id_module` VALUES ('000500020001', '2017-05-09 23:18:22', '2017-05-09 23:21:52', '--------', '', '/admin/employeeInfo/selectJob.jspx', 'admin', 'admin');
INSERT INTO `oa_id_module` VALUES ('000500020002', '2017-05-10 10:47:33', null, '--------', '', '/admin/employeeInfo/addJob.jspx', 'admin', null);
INSERT INTO `oa_id_module` VALUES ('000500020003', '2017-05-10 12:55:53', null, '--------', '', '/admin/employeeInfo/updateJob.jspx', 'admin', null);
INSERT INTO `oa_id_module` VALUES ('000500020004', '2017-05-10 12:56:48', null, '--------', '', '/admin/employeeInfo/deleteJob.jspx', 'admin', null);
INSERT INTO `oa_id_module` VALUES ('00050003', '2017-05-10 19:35:52', null, '----', '', '/admin/employeeInfo/selectDept.jspx', 'admin', null);
INSERT INTO `oa_id_module` VALUES ('000500030001', '2017-05-10 19:36:30', null, '--------', '', '/admin/employeeInfo/selectDept.jspx', 'admin', null);
INSERT INTO `oa_id_module` VALUES ('000500030002', '2017-05-10 19:45:52', null, '--------', '', '/admin/employeeInfo/addDept.jspx', 'admin', null);
INSERT INTO `oa_id_module` VALUES ('000500030003', '2017-05-10 20:34:00', null, '--------', '', '/admin/employeeInfo/updateDept.jspx', 'admin', null);
INSERT INTO `oa_id_module` VALUES ('000500030004', '2017-05-10 20:34:38', null, '--------', '', '/admin/employeeInfo/deleteDept.jspx', 'admin', null);

-- ----------------------------
-- Table structure for oa_id_popedom
-- ----------------------------
DROP TABLE IF EXISTS `oa_id_popedom`;
CREATE TABLE `oa_id_popedom` (
  `ID` bigint(20) NOT NULL AUTO_INCREMENT,
  `CREATE_DATE` datetime DEFAULT NULL,
  `CREATER` varchar(50) DEFAULT NULL,
  `MODULE_CODE` varchar(100) DEFAULT NULL,
  `OPERA_CODE` varchar(100) DEFAULT NULL,
  `ROLE_ID` bigint(20) DEFAULT NULL,
  PRIMARY KEY (`ID`),
  KEY `FK_lrg8fbm102ysbfv573dss32x0` (`CREATER`),
  KEY `FK_ea0femw8m7b7cwxrt2anumg17` (`MODULE_CODE`),
  KEY `FK_6u7ek5mq0rnj81tdhh02unf9j` (`OPERA_CODE`),
  KEY `FK_82bknqv0fng5ob5ibtrl1ya28` (`ROLE_ID`),
  CONSTRAINT `FK_6u7ek5mq0rnj81tdhh02unf9j` FOREIGN KEY (`OPERA_CODE`) REFERENCES `oa_id_module` (`CODE`),
  CONSTRAINT `FK_82bknqv0fng5ob5ibtrl1ya28` FOREIGN KEY (`ROLE_ID`) REFERENCES `oa_id_role` (`ID`),
  CONSTRAINT `FK_ea0femw8m7b7cwxrt2anumg17` FOREIGN KEY (`MODULE_CODE`) REFERENCES `oa_id_module` (`CODE`),
  CONSTRAINT `FK_lrg8fbm102ysbfv573dss32x0` FOREIGN KEY (`CREATER`) REFERENCES `oa_id_user` (`USER_ID`)
) ENGINE=InnoDB AUTO_INCREMENT=217 DEFAULT CHARSET=utf8;

-- ----------------------------
-- Records of oa_id_popedom
-- ----------------------------
INSERT INTO `oa_id_popedom` VALUES ('14', '2016-03-19 09:54:00', 'admin', '00020003', '000200030001', '2');
INSERT INTO `oa_id_popedom` VALUES ('15', '2016-03-19 09:54:00', 'admin', '00020003', '000200030002', '2');
INSERT INTO `oa_id_popedom` VALUES ('16', '2016-03-19 09:54:00', 'admin', '00020003', '000200030003', '2');
INSERT INTO `oa_id_popedom` VALUES ('17', '2016-03-19 09:54:00', 'admin', '00020003', '000200030004', '2');
INSERT INTO `oa_id_popedom` VALUES ('39', '2016-03-19 09:54:01', 'admin', '00020004', '000200040001', '1');
INSERT INTO `oa_id_popedom` VALUES ('40', '2016-03-19 09:54:01', 'admin', '00020004', '000200040002', '1');
INSERT INTO `oa_id_popedom` VALUES ('46', '2016-03-20 21:22:00', 'admin', '00030001', '000300010001', '1');
INSERT INTO `oa_id_popedom` VALUES ('47', '2016-03-20 21:22:00', 'admin', '00030001', '000300010002', '1');
INSERT INTO `oa_id_popedom` VALUES ('48', '2016-03-20 21:54:55', 'admin', '00030002', '000300020001', '1');
INSERT INTO `oa_id_popedom` VALUES ('49', '2016-03-20 21:54:55', 'admin', '00030002', '000300020002', '1');
INSERT INTO `oa_id_popedom` VALUES ('50', '2016-03-22 11:29:43', 'admin', '00020004', '000200040001', '3');
INSERT INTO `oa_id_popedom` VALUES ('51', '2016-03-22 11:29:43', 'admin', '00020004', '000200040002', '3');
INSERT INTO `oa_id_popedom` VALUES ('109', '2017-05-04 21:15:46', 'admin', '00010003', '000100030001', '1');
INSERT INTO `oa_id_popedom` VALUES ('110', '2017-05-04 21:15:46', 'admin', '00010003', '000100030002', '1');
INSERT INTO `oa_id_popedom` VALUES ('111', '2017-05-04 21:15:46', 'admin', '00010003', '000100030003', '1');
INSERT INTO `oa_id_popedom` VALUES ('112', '2017-05-04 21:15:46', 'admin', '00010003', '000100030004', '1');
INSERT INTO `oa_id_popedom` VALUES ('113', '2017-05-04 21:15:46', 'admin', '00010003', '000100030005', '1');
INSERT INTO `oa_id_popedom` VALUES ('115', '2017-05-04 21:37:32', 'admin', '00010001', '000100010001', '1');
INSERT INTO `oa_id_popedom` VALUES ('116', '2017-05-04 21:37:32', 'admin', '00010001', '000100010002', '1');
INSERT INTO `oa_id_popedom` VALUES ('117', '2017-05-04 21:37:32', 'admin', '00010001', '000100010003', '1');
INSERT INTO `oa_id_popedom` VALUES ('118', '2017-05-04 21:37:32', 'admin', '00010001', '000100010004', '1');
INSERT INTO `oa_id_popedom` VALUES ('119', '2017-05-04 21:37:32', 'admin', '00010001', '000100010005', '1');
INSERT INTO `oa_id_popedom` VALUES ('154', '2017-05-04 22:16:23', 'admin', '00040001', '000400010001', '1');
INSERT INTO `oa_id_popedom` VALUES ('155', '2017-05-04 22:16:23', 'admin', '00040001', '000400010002', '1');
INSERT INTO `oa_id_popedom` VALUES ('156', '2017-05-04 22:16:23', 'admin', '00040001', '000400010003', '1');
INSERT INTO `oa_id_popedom` VALUES ('157', '2017-05-04 22:16:23', 'admin', '00040001', '000400010004', '1');
INSERT INTO `oa_id_popedom` VALUES ('158', '2017-05-04 22:16:47', 'admin', '00040002', '000400020001', '1');
INSERT INTO `oa_id_popedom` VALUES ('159', '2017-05-04 22:16:47', 'admin', '00040002', '000400020002', '1');
INSERT INTO `oa_id_popedom` VALUES ('160', '2017-05-04 22:16:47', 'admin', '00040002', '000400020003', '1');
INSERT INTO `oa_id_popedom` VALUES ('161', '2017-05-04 22:16:47', 'admin', '00040002', '000400020004', '1');
INSERT INTO `oa_id_popedom` VALUES ('162', '2017-05-04 22:16:47', 'admin', '00040002', '000400020005', '1');
INSERT INTO `oa_id_popedom` VALUES ('163', '2017-05-04 22:16:47', 'admin', '00040002', '000400020006', '1');
INSERT INTO `oa_id_popedom` VALUES ('164', '2017-05-04 22:16:47', 'admin', '00040002', '000400020007', '1');
INSERT INTO `oa_id_popedom` VALUES ('165', '2017-05-04 22:16:47', 'admin', '00040002', '000400020008', '1');
INSERT INTO `oa_id_popedom` VALUES ('166', '2017-05-07 09:25:55', 'admin', '00010002', '000100020001', '1');
INSERT INTO `oa_id_popedom` VALUES ('167', '2017-05-07 09:25:55', 'admin', '00010002', '000100020002', '1');
INSERT INTO `oa_id_popedom` VALUES ('168', '2017-05-07 09:25:55', 'admin', '00010002', '000100020003', '1');
INSERT INTO `oa_id_popedom` VALUES ('169', '2017-05-07 09:25:55', 'admin', '00010002', '000100020004', '1');
INSERT INTO `oa_id_popedom` VALUES ('170', '2017-05-07 09:25:55', 'admin', '00010002', '000100020005', '1');
INSERT INTO `oa_id_popedom` VALUES ('171', '2017-05-07 09:25:55', 'admin', '00010002', '000100020006', '1');
INSERT INTO `oa_id_popedom` VALUES ('172', '2017-05-07 09:25:55', 'admin', '00010002', '000100020007', '1');
INSERT INTO `oa_id_popedom` VALUES ('173', '2017-05-07 09:25:55', 'admin', '00010002', '000100020008', '1');
INSERT INTO `oa_id_popedom` VALUES ('174', '2017-05-07 09:25:55', 'admin', '00010002', '000100020009', '1');
INSERT INTO `oa_id_popedom` VALUES ('175', '2017-05-07 09:25:55', 'admin', '00010002', '000100020010', '1');
INSERT INTO `oa_id_popedom` VALUES ('176', '2017-05-07 22:41:21', 'admin', '00040001', '000400010001', '2');
INSERT INTO `oa_id_popedom` VALUES ('177', '2017-05-07 22:41:21', 'admin', '00040001', '000400010002', '2');
INSERT INTO `oa_id_popedom` VALUES ('178', '2017-05-07 22:41:21', 'admin', '00040001', '000400010003', '2');
INSERT INTO `oa_id_popedom` VALUES ('179', '2017-05-07 22:41:21', 'admin', '00040001', '000400010004', '2');
INSERT INTO `oa_id_popedom` VALUES ('180', '2017-05-07 22:41:25', 'admin', '00040002', '000400020001', '2');
INSERT INTO `oa_id_popedom` VALUES ('181', '2017-05-07 22:41:25', 'admin', '00040002', '000400020002', '2');
INSERT INTO `oa_id_popedom` VALUES ('182', '2017-05-07 22:41:25', 'admin', '00040002', '000400020003', '2');
INSERT INTO `oa_id_popedom` VALUES ('183', '2017-05-07 22:41:25', 'admin', '00040002', '000400020004', '2');
INSERT INTO `oa_id_popedom` VALUES ('184', '2017-05-07 22:41:25', 'admin', '00040002', '000400020005', '2');
INSERT INTO `oa_id_popedom` VALUES ('185', '2017-05-07 22:41:25', 'admin', '00040002', '000400020006', '2');
INSERT INTO `oa_id_popedom` VALUES ('186', '2017-05-07 22:41:25', 'admin', '00040002', '000400020007', '2');
INSERT INTO `oa_id_popedom` VALUES ('187', '2017-05-07 22:41:25', 'admin', '00040002', '000400020008', '2');
INSERT INTO `oa_id_popedom` VALUES ('188', '2017-05-08 18:00:00', 'admin', '00020003', '000200030001', '1');
INSERT INTO `oa_id_popedom` VALUES ('189', '2017-05-08 18:00:00', 'admin', '00020003', '000200030002', '1');
INSERT INTO `oa_id_popedom` VALUES ('190', '2017-05-08 18:00:00', 'admin', '00020003', '000200030003', '1');
INSERT INTO `oa_id_popedom` VALUES ('191', '2017-05-08 18:00:00', 'admin', '00020003', '000200030004', '1');
INSERT INTO `oa_id_popedom` VALUES ('192', '2017-05-08 18:00:00', 'admin', '00020003', '000200030005', '1');
INSERT INTO `oa_id_popedom` VALUES ('199', '2017-05-09 21:26:38', 'admin', '00050001', '000500010001', '1');
INSERT INTO `oa_id_popedom` VALUES ('200', '2017-05-09 21:26:38', 'admin', '00050001', '000500010002', '1');
INSERT INTO `oa_id_popedom` VALUES ('201', '2017-05-09 21:26:38', 'admin', '00050001', '000500010003', '1');
INSERT INTO `oa_id_popedom` VALUES ('202', '2017-05-09 21:26:38', 'admin', '00050001', '000500010004', '1');
INSERT INTO `oa_id_popedom` VALUES ('206', '2017-05-10 12:57:05', 'admin', '00050002', '000500020001', '1');
INSERT INTO `oa_id_popedom` VALUES ('207', '2017-05-10 12:57:05', 'admin', '00050002', '000500020002', '1');
INSERT INTO `oa_id_popedom` VALUES ('208', '2017-05-10 12:57:05', 'admin', '00050002', '000500020003', '1');
INSERT INTO `oa_id_popedom` VALUES ('209', '2017-05-10 12:57:05', 'admin', '00050002', '000500020004', '1');
INSERT INTO `oa_id_popedom` VALUES ('213', '2017-05-10 20:34:48', 'admin', '00050003', '000500030001', '1');
INSERT INTO `oa_id_popedom` VALUES ('214', '2017-05-10 20:34:48', 'admin', '00050003', '000500030002', '1');
INSERT INTO `oa_id_popedom` VALUES ('215', '2017-05-10 20:34:48', 'admin', '00050003', '000500030003', '1');
INSERT INTO `oa_id_popedom` VALUES ('216', '2017-05-10 20:34:48', 'admin', '00050003', '000500030004', '1');

-- ----------------------------
-- Table structure for oa_id_role
-- ----------------------------
DROP TABLE IF EXISTS `oa_id_role`;
CREATE TABLE `oa_id_role` (
  `ID` bigint(20) NOT NULL AUTO_INCREMENT,
  `CREATE_DATE` datetime DEFAULT NULL,
  `MODIFY_DATE` datetime DEFAULT NULL,
  `NAME` varchar(50) DEFAULT NULL,
  `REMARK` varchar(500) DEFAULT NULL,
  `CREATER` varchar(50) DEFAULT NULL,
  `MODIFIER` varchar(50) DEFAULT NULL,
  PRIMARY KEY (`ID`),
  KEY `FK_8m9wyjnuqfan112w3fllt68tv` (`CREATER`),
  KEY `FK_gdga8w1fj260t0y5n2655b3i6` (`MODIFIER`),
  CONSTRAINT `FK_8m9wyjnuqfan112w3fllt68tv` FOREIGN KEY (`CREATER`) REFERENCES `oa_id_user` (`USER_ID`),
  CONSTRAINT `FK_gdga8w1fj260t0y5n2655b3i6` FOREIGN KEY (`MODIFIER`) REFERENCES `oa_id_user` (`USER_ID`)
) ENGINE=InnoDB AUTO_INCREMENT=4 DEFAULT CHARSET=utf8;

-- ----------------------------
-- Records of oa_id_role
-- ----------------------------
INSERT INTO `oa_id_role` VALUES ('1', '2016-03-19 09:53:58', '2016-03-19 12:03:44', '', '', 'admin', 'admin');
INSERT INTO `oa_id_role` VALUES ('2', '2016-03-19 09:53:58', '2016-03-19 10:10:02', '', '', 'admin', 'admin');
INSERT INTO `oa_id_role` VALUES ('3', '2016-03-22 11:28:50', null, '', '', 'admin', null);

-- ----------------------------
-- Table structure for oa_id_user
-- ----------------------------
DROP TABLE IF EXISTS `oa_id_user`;
CREATE TABLE `oa_id_user` (
  `USER_ID` varchar(50) NOT NULL,
  `ANSWER` varchar(200) DEFAULT NULL,
  `CHECK_DATE` datetime DEFAULT NULL,
  `CREATE_DATE` datetime DEFAULT NULL,
  `EMAIL` varchar(50) DEFAULT NULL,
  `MODIFY_DATE` datetime DEFAULT NULL,
  `NAME` varchar(50) DEFAULT NULL,
  `PASS_WORD` varchar(50) DEFAULT NULL,
  `PHONE` varchar(50) DEFAULT NULL,
  `QQ_NUM` varchar(50) DEFAULT NULL,
  `QUESTION` smallint(6) DEFAULT NULL,
  `SEX` smallint(6) DEFAULT NULL,
  `STATUS` smallint(6) DEFAULT NULL,
  `TEL` varchar(50) DEFAULT NULL,
  `CHECKER` varchar(50) DEFAULT NULL,
  `CREATER` varchar(50) DEFAULT NULL,
  `DEPT_ID` bigint(20) DEFAULT NULL,
  `JOB_CODE` varchar(100) DEFAULT NULL,
  `MODIFIER` varchar(50) DEFAULT NULL,
  PRIMARY KEY (`USER_ID`),
  KEY `FK_1rk74iko4wq8pwp2lh58hh5m1` (`CHECKER`),
  KEY `FK_1iain0swns4lovoq7c5wkcvwv` (`CREATER`),
  KEY `FK_USER_DEPT` (`DEPT_ID`),
  KEY `FK_USER_JOB` (`JOB_CODE`),
  KEY `FK_qixtk2hptjv43uwxvk1eah1k` (`MODIFIER`),
  CONSTRAINT `FK_1iain0swns4lovoq7c5wkcvwv` FOREIGN KEY (`CREATER`) REFERENCES `oa_id_user` (`USER_ID`),
  CONSTRAINT `FK_1rk74iko4wq8pwp2lh58hh5m1` FOREIGN KEY (`CHECKER`) REFERENCES `oa_id_user` (`USER_ID`),
  CONSTRAINT `FK_USER_DEPT` FOREIGN KEY (`DEPT_ID`) REFERENCES `oa_id_dept` (`ID`),
  CONSTRAINT `FK_USER_JOB` FOREIGN KEY (`JOB_CODE`) REFERENCES `oa_id_job` (`CODE`),
  CONSTRAINT `FK_qixtk2hptjv43uwxvk1eah1k` FOREIGN KEY (`MODIFIER`) REFERENCES `oa_id_user` (`USER_ID`)
) ENGINE=InnoDB DEFAULT CHARSET=utf8;

-- ----------------------------
-- Records of oa_id_user
-- ----------------------------
INSERT INTO `oa_id_user` VALUES ('admin', '999', '2017-05-04 22:20:15', '2016-03-19 09:53:58', 'moleef@foxmail.com', '2017-05-08 17:35:00', '', 'e10adc3949ba59abbe56e057f20f883e', '18998336981', '441510427', '0', '2', '1', '020-88798789', 'admin', 'admin', '1', '0005', 'admin');
INSERT INTO `oa_id_user` VALUES ('leesiuwah', '', '2017-04-23 21:45:34', '2016-03-19 09:53:58', 'lixiaohua7@163.com', '2016-03-20 12:15:30', '', 'e10adc3949ba59abbe56e057f20f883e', '18998336981', '44287934', '2', '1', '1', '020-8098763', 'admin', 'admin', '1', '0001', 'admin');
INSERT INTO `oa_id_user` VALUES ('limin', '8888', '2016-03-19 09:54:02', '2016-03-19 09:54:02', '441510427@qq.com', '2017-05-08 10:20:14', '', 'e10adc3949ba59abbe56e057f20f883e', '13888888888', '88888', '0', '1', '1', '02088888888', 'admin', 'admin', '1', '0007', 'admin');
INSERT INTO `oa_id_user` VALUES ('liqin', '888', '2016-03-19 09:54:02', '2016-03-19 09:54:02', '441510427@qq.com', null, '', 'e10adc3949ba59abbe56e057f20f883e', '13888888888', '88888', '0', '1', '1', '02088888888', 'admin', 'admin', '4', '0007', null);
INSERT INTO `oa_id_user` VALUES ('lixiaohu', '888', '2016-03-19 09:54:02', '2016-03-19 09:54:02', '441510427@qq.com', null, '', 'e10adc3949ba59abbe56e057f20f883e', '13888888888', '88888', '0', '1', '1', '02088888888', 'admin', 'admin', '5', '0009', null);
INSERT INTO `oa_id_user` VALUES ('liying', '888', '2016-03-19 09:54:02', '2016-03-19 09:54:02', '441510427@qq.com', null, '', 'e10adc3949ba59abbe56e057f20f883e', '13888888888', '88888', '0', '1', '1', '02088888888', 'admin', 'admin', '4', '0001', null);
INSERT INTO `oa_id_user` VALUES ('zhangbo', '888', '2016-03-19 09:54:02', '2016-03-19 09:54:02', '441510427@qq.com', null, '', 'e10adc3949ba59abbe56e057f20f883e', '13888888888', '88888', '0', '1', '1', '02088888888', 'admin', 'admin', '1', '0008', null);
INSERT INTO `oa_id_user` VALUES ('zhangsan', '8888', '2016-03-19 09:54:02', '2016-03-19 09:54:02', '441510427@qq.com', '2017-05-09 16:56:40', '', 'e10adc3949ba59abbe56e057f20f883e', '13888888888', '88888', '0', '1', '1', '02088888888', 'admin', 'admin', '4', '0008', 'admin');

-- ----------------------------
-- Table structure for oa_id_user_role
-- ----------------------------
DROP TABLE IF EXISTS `oa_id_user_role`;
CREATE TABLE `oa_id_user_role` (
  `ROLE_ID` bigint(20) NOT NULL,
  `USER_ID` varchar(50) NOT NULL,
  PRIMARY KEY (`ROLE_ID`,`USER_ID`),
  KEY `FK_c3ux7a20jn9tscyrs9amyxmic` (`USER_ID`),
  CONSTRAINT `FK_35rtqeuame8m3juac2gxwymjd` FOREIGN KEY (`ROLE_ID`) REFERENCES `oa_id_role` (`ID`),
  CONSTRAINT `FK_c3ux7a20jn9tscyrs9amyxmic` FOREIGN KEY (`USER_ID`) REFERENCES `oa_id_user` (`USER_ID`)
) ENGINE=InnoDB DEFAULT CHARSET=utf8;

-- ----------------------------
-- Records of oa_id_user_role
-- ----------------------------
INSERT INTO `oa_id_user_role` VALUES ('1', 'admin');
INSERT INTO `oa_id_user_role` VALUES ('2', 'admin');
INSERT INTO `oa_id_user_role` VALUES ('2', 'leesiuwah');
INSERT INTO `oa_id_user_role` VALUES ('2', 'limin');
INSERT INTO `oa_id_user_role` VALUES ('3', 'limin');
INSERT INTO `oa_id_user_role` VALUES ('2', 'liqin');
INSERT INTO `oa_id_user_role` VALUES ('3', 'liqin');
INSERT INTO `oa_id_user_role` VALUES ('2', 'lixiaohu');
INSERT INTO `oa_id_user_role` VALUES ('3', 'lixiaohu');
INSERT INTO `oa_id_user_role` VALUES ('2', 'liying');
INSERT INTO `oa_id_user_role` VALUES ('2', 'zhangbo');
INSERT INTO `oa_id_user_role` VALUES ('3', 'zhangbo');
INSERT INTO `oa_id_user_role` VALUES ('2', 'zhangsan');
INSERT INTO `oa_id_user_role` VALUES ('3', 'zhangsan');

-- ----------------------------
-- Table structure for oa_leave_audit
-- ----------------------------
DROP TABLE IF EXISTS `oa_leave_audit`;
CREATE TABLE `oa_leave_audit` (
  `ID` bigint(20) NOT NULL AUTO_INCREMENT,
  `CHECK_DATE` datetime DEFAULT NULL,
  `REMARK` varchar(500) DEFAULT NULL,
  `STATUS` smallint(6) NOT NULL DEFAULT '1',
  `CHECKER` varchar(50) DEFAULT NULL,
  `ITEM_ID` bigint(20) DEFAULT NULL,
  PRIMARY KEY (`ID`),
  KEY `FK_AUDIT_CHECKER` (`CHECKER`),
  KEY `FK_AUDIT_ITEM_ID` (`ITEM_ID`),
  CONSTRAINT `FK_AUDIT_CHECKER` FOREIGN KEY (`CHECKER`) REFERENCES `oa_id_user` (`USER_ID`),
  CONSTRAINT `FK_AUDIT_ITEM_ID` FOREIGN KEY (`ITEM_ID`) REFERENCES `oa_leave_item` (`ID`)
) ENGINE=InnoDB AUTO_INCREMENT=3 DEFAULT CHARSET=utf8;

-- ----------------------------
-- Records of oa_leave_audit
-- ----------------------------
INSERT INTO `oa_leave_audit` VALUES ('1', '2017-05-07 22:29:58', '', '1', 'limin', '1');
INSERT INTO `oa_leave_audit` VALUES ('2', '2017-05-07 22:33:35', 'asd', '1', 'zhangbo', '1');

-- ----------------------------
-- Table structure for oa_leave_item
-- ----------------------------
DROP TABLE IF EXISTS `oa_leave_item`;
CREATE TABLE `oa_leave_item` (
  `ID` bigint(20) NOT NULL AUTO_INCREMENT,
  `BEGIN_DATE` datetime DEFAULT NULL,
  `CREATE_DATE` datetime DEFAULT NULL,
  `END_DATE` datetime DEFAULT NULL,
  `LEAVE_CASE` varchar(300) DEFAULT NULL,
  `LEAVE_HOUR` float DEFAULT NULL,
  `PROC_INSTANCE_ID` varchar(100) DEFAULT NULL,
  `STATUS` smallint(6) DEFAULT NULL,
  `CREATER` varchar(50) DEFAULT NULL,
  `TYPE_CODE` varchar(255) DEFAULT NULL,
  PRIMARY KEY (`ID`),
  KEY `FK_LEAVE_ITEM_CREATER` (`CREATER`),
  KEY `FK_LEAVE_ITEM_TYPE` (`TYPE_CODE`),
  CONSTRAINT `FK_LEAVE_ITEM_CREATER` FOREIGN KEY (`CREATER`) REFERENCES `oa_id_user` (`USER_ID`),
  CONSTRAINT `FK_LEAVE_ITEM_TYPE` FOREIGN KEY (`TYPE_CODE`) REFERENCES `oa_leave_type` (`CODE`)
) ENGINE=InnoDB AUTO_INCREMENT=3 DEFAULT CHARSET=utf8;

-- ----------------------------
-- Records of oa_leave_item
-- ----------------------------
INSERT INTO `oa_leave_item` VALUES ('1', '2017-05-07 22:20:58', '2017-05-07 22:21:23', '2017-05-08 22:21:01', '123456', '10', '2501', '0', 'admin', '001');
INSERT INTO `oa_leave_item` VALUES ('2', '2017-05-01 22:36:26', '2017-05-07 22:36:43', '2017-05-09 22:36:30', 'fgfgh', '10', '2521', '0', 'zhangbo', '001');

-- ----------------------------
-- Table structure for oa_leave_type
-- ----------------------------
DROP TABLE IF EXISTS `oa_leave_type`;
CREATE TABLE `oa_leave_type` (
  `CODE` varchar(255) NOT NULL,
  `CREATE_DATE` datetime DEFAULT NULL,
  `MODIFY_DATE` datetime DEFAULT NULL,
  `NAME` varchar(100) DEFAULT NULL,
  `REMARK` varchar(500) DEFAULT NULL,
  `CREATER` varchar(50) DEFAULT NULL,
  `MODIFIER` varchar(50) DEFAULT NULL,
  PRIMARY KEY (`CODE`),
  KEY `FK_LEAVETYPE_CREATER` (`CREATER`),
  KEY `FK_LEAVETYPE_MODIFIER` (`MODIFIER`),
  CONSTRAINT `FK_LEAVETYPE_CREATER` FOREIGN KEY (`CREATER`) REFERENCES `oa_id_user` (`USER_ID`),
  CONSTRAINT `FK_LEAVETYPE_MODIFIER` FOREIGN KEY (`MODIFIER`) REFERENCES `oa_id_user` (`USER_ID`)
) ENGINE=InnoDB DEFAULT CHARSET=utf8;

-- ----------------------------
-- Records of oa_leave_type
-- ----------------------------
INSERT INTO `oa_leave_type` VALUES ('001', '2016-03-19 09:54:01', '2016-03-19 09:54:01', '', '', 'admin', 'admin');
INSERT INTO `oa_leave_type` VALUES ('002', '2016-03-19 09:54:01', '2016-03-21 20:45:21', '', '10%', 'admin', 'admin');
INSERT INTO `oa_leave_type` VALUES ('003', '2016-03-19 09:54:01', '2016-03-19 09:54:01', '', '', 'admin', 'admin');
INSERT INTO `oa_leave_type` VALUES ('004', '2016-03-19 09:54:01', '2016-03-19 09:54:01', '', '', 'admin', 'admin');
INSERT INTO `oa_leave_type` VALUES ('005', '2016-03-19 09:54:01', '2016-03-19 09:54:01', '', '', 'admin', 'admin');
INSERT INTO `oa_leave_type` VALUES ('006', '2016-03-19 09:54:01', '2016-03-19 09:54:01', '', '', 'admin', 'admin');
INSERT INTO `oa_leave_type` VALUES ('007', '2016-03-19 09:54:01', '2016-03-19 09:54:01', '', '', 'admin', 'admin');
INSERT INTO `oa_leave_type` VALUES ('008', '2016-03-21 16:12:22', '2016-03-19 09:54:01', '', '', 'admin', 'admin');
